Date,Pens_Quantity,Pens_Price,Pens_Sales,Notebooks_Quantity,Notebooks_Price,Notebooks_Sales,Staplers_Quantity,Staplers_Price,Staplers_Sales,Folders_Quantity,Folders_Price,Folders_Sales,Pencils_Quantity,Pencils_Price,Pencils_Sales,Mini Drafters_Quantity,Mini Drafters_Price,Mini Drafters_Sales,Erasers_Quantity,Erasers_Price,Erasers_Sales,Sharpeners_Quantity,Sharpeners_Price,Sharpeners_Sales,Ink_Quantity,Ink_Price,Ink_Sales,Printing pages_Quantity,Printing pages_Price,Printing pages_Sales,Scales_Quantity,Scales_Price,Scales_Sales,Roller_Quantity,Roller_Price,Roller_Sales,Clips_Quantity,Clips_Price,Clips_Sales
2020-01-01,39,5,195,28,50,1400,19,30,570,49,20,980,4,5,20,1,400,400,35,3,105,23,2,46,19,10,190,37,20,740,21,15,315,39,25,975,32,10,320
2020-01-02,29,5,145,28,50,1400,35,30,1050,12,20,240,20,5,100,47,400,18800,12,3,36,18,2,36,43,10,430,30,20,600,16,15,240,5,25,125,10,10,100
2020-01-03,15,5,75,37,50,1850,43,30,1290,27,20,540,10,5,50,20,400,8000,26,3,78,32,2,64,47,10,470,42,20,840,44,15,660,10,25,250,43,10,430
2020-01-04,43,5,215,41,50,2050,17,30,510,8,20,160,24,5,120,19,400,7600,19,3,57,49,2,98,44,10,440,33,20,660,40,15,600,10,25,250,17,10,170
2020-01-05,8,5,40,36,50,1800,45,30,1350,25,20,500,35,5,175,29,400,11600,45,3,135,38,2,76,35,10,350,10,20,200,26,15,390,38,25,950,5,10,50
2020-01-06,21,5,105,27,50,1350,43,30,1290,46,20,920,26,5,130,10,400,4000,7,3,21,47,2,94,17,10,170,37,20,740,16,15,240,27,25,675,45,10,450
2020-01-07,39,5,195,17,50,850,34,30,1020,4,20,80,37,5,185,18,400,7200,47,3,141,3,2,6,35,10,350,12,20,240,28,15,420,21,25,525,42,10,420
2020-01-08,19,5,95,9,50,450,9,30,270,33,20,660,38,5,190,28,400,11200,7,3,21,38,2,76,19,10,190,30,20,600,1,15,15,8,25,200,9,10,90
2020-01-09,23,5,115,33,50,1650,26,30,780,1,20,20,21,5,105,35,400,14000,26,3,78,3,2,6,20,10,200,27,20,540,36,15,540,1,25,25,49,10,490
2020-01-10,11,5,55,20,50,1000,2,30,60,19,20,380,40,5,200,43,400,17200,40,3,120,30,2,60,36,10,360,39,20,780,10,15,150,28,25,700,33,10,330
2020-01-11,11,5,55,13,50,650,9,30,270,31,20,620,39,5,195,47,400,18800,5,3,15,1,2,2,35,10,350,9,20,180,43,15,645,49,25,1225,36,10,360
2020-01-12,24,5,120,28,50,1400,9,30,270,16,20,320,21,5,105,31,400,12400,21,3,63,30,2,60,32,10,320,21,20,420,17,15,255,39,25,975,36,10,360
2020-01-13,36,5,180,48,50,2400,40,30,1200,14,20,280,10,5,50,27,400,10800,14,3,42,45,2,90,48,10,480,12,20,240,23,15,345,14,25,350,18,10,180
2020-01-14,40,5,200,29,50,1450,17,30,510,48,20,960,38,5,190,11,400,4400,4,3,12,32,2,64,44,10,440,29,20,580,7,15,105,21,25,525,9,10,90
2020-01-15,24,5,120,13,50,650,1,30,30,5,20,100,46,5,230,49,400,19600,23,3,69,28,2,56,40,10,400,33,20,660,44,15,660,30,25,750,29,10,290
2020-01-16,3,5,15,46,50,2300,25,30,750,41,20,820,4,5,20,49,400,19600,42,3,126,21,2,42,24,10,240,43,20,860,7,15,105,21,25,525,14,10,140
2020-01-17,22,5,110,35,50,1750,43,30,1290,26,20,520,45,5,225,38,400,15200,20,3,60,46,2,92,17,10,170,15,20,300,44,15,660,49,25,1225,25,10,250
2020-01-18,2,5,10,6,50,300,40,30,1200,28,20,560,20,5,100,5,400,2000,15,3,45,13,2,26,7,10,70,2,20,40,15,15,225,9,25,225,15,10,150
2020-01-19,24,5,120,18,50,900,42,30,1260,2,20,40,17,5,85,8,400,3200,45,3,135,27,2,54,43,10,430,39,20,780,34,15,510,17,25,425,6,10,60
2020-01-20,44,5,220,5,50,250,25,30,750,6,20,120,7,5,35,34,400,13600,29,3,87,36,2,72,1,10,10,44,20,880,46,15,690,5,25,125,42,10,420
2020-01-21,30,5,150,47,50,2350,39,30,1170,9,20,180,4,5,20,48,400,19200,8,3,24,7,2,14,35,10,350,18,20,360,45,15,675,31,25,775,29,10,290
2020-01-22,38,5,190,25,50,1250,35,30,1050,33,20,660,29,5,145,12,400,4800,41,3,123,22,2,44,32,10,320,3,20,60,4,15,60,40,25,1000,15,10,150
2020-01-23,2,5,10,2,50,100,3,30,90,41,20,820,14,5,70,38,400,15200,48,3,144,10,2,20,36,10,360,7,20,140,14,15,210,38,25,950,29,10,290
2020-01-24,21,5,105,10,50,500,37,30,1110,25,20,500,3,5,15,1,400,400,19,3,57,39,2,78,13,10,130,43,20,860,14,15,210,43,25,1075,4,10,40
2020-01-25,33,5,165,30,50,1500,44,30,1320,48,20,960,24,5,120,31,400,12400,48,3,144,15,2,30,6,10,60,18,20,360,16,15,240,19,25,475,18,10,180
2020-01-26,12,5,60,45,50,2250,44,30,1320,13,20,260,37,5,185,4,400,1600,39,3,117,15,2,30,14,10,140,44,20,880,7,15,105,36,25,900,49,10,490
2020-01-27,22,5,110,5,50,250,30,30,900,9,20,180,16,5,80,49,400,19600,46,3,138,4,2,8,37,10,370,38,20,760,32,15,480,33,25,825,44,10,440
2020-01-28,44,5,220,33,50,1650,38,30,1140,13,20,260,4,5,20,45,400,18000,28,3,84,32,2,64,48,10,480,37,20,740,19,15,285,13,25,325,39,10,390
2020-01-29,25,5,125,1,50,50,34,30,1020,31,20,620,24,5,120,5,400,2000,46,3,138,23,2,46,15,10,150,33,20,660,2,15,30,14,25,350,16,10,160
2020-01-30,49,5,245,18,50,900,12,30,360,41,20,820,34,5,170,30,400,12000,27,3,81,6,2,12,47,10,470,44,20,880,10,15,150,33,25,825,11,10,110
2020-01-31,27,5,135,32,50,1600,19,30,570,11,20,220,30,5,150,24,400,9600,4,3,12,24,2,48,4,10,40,31,20,620,17,15,255,29,25,725,14,10,140
2020-02-01,42,5,210,47,50,2350,37,30,1110,4,20,80,18,5,90,3,400,1200,15,3,45,20,2,40,40,10,400,11,20,220,37,15,555,43,25,1075,3,10,30
2020-02-02,28,5,140,49,50,2450,44,30,1320,34,20,680,19,5,95,11,400,4400,35,3,105,37,2,74,16,10,160,4,20,80,12,15,180,49,25,1225,42,10,420
2020-02-03,16,5,80,11,50,550,49,30,1470,38,20,760,31,5,155,45,400,18000,37,3,111,20,2,40,28,10,280,18,20,360,6,15,90,36,25,900,38,10,380
2020-02-04,15,5,75,21,50,1050,17,30,510,46,20,920,19,5,95,4,400,1600,1,3,3,12,2,24,16,10,160,4,20,80,22,15,330,44,25,1100,45,10,450
2020-02-05,47,5,235,26,50,1300,10,30,300,4,20,80,49,5,245,26,400,10400,3,3,9,33,2,66,4,10,40,49,20,980,32,15,480,10,25,250,42,10,420
2020-02-06,44,5,220,25,50,1250,49,30,1470,38,20,760,46,5,230,27,400,10800,47,3,141,28,2,56,45,10,450,34,20,680,41,15,615,31,25,775,18,10,180
2020-02-07,3,5,15,22,50,1100,47,30,1410,19,20,380,19,5,95,46,400,18400,24,3,72,8,2,16,26,10,260,29,20,580,20,15,300,6,25,150,20,10,200
2020-02-08,37,5,185,27,50,1350,12,30,360,6,20,120,22,5,110,43,400,17200,27,3,81,1,2,2,28,10,280,24,20,480,1,15,15,1,25,25,48,10,480
2020-02-09,7,5,35,49,50,2450,16,30,480,34,20,680,24,5,120,27,400,10800,40,3,120,37,2,74,32,10,320,22,20,440,47,15,705,7,25,175,25,10,250
2020-02-10,21,5,105,13,50,650,24,30,720,18,20,360,45,5,225,42,400,16800,36,3,108,22,2,44,45,10,450,2,20,40,6,15,90,27,25,675,38,10,380
2020-02-11,9,5,45,33,50,1650,19,30,570,13,20,260,12,5,60,6,400,2400,34,3,102,6,2,12,2,10,20,44,20,880,19,15,285,21,25,525,13,10,130
2020-02-12,39,5,195,34,50,1700,8,30,240,41,20,820,30,5,150,15,400,6000,29,3,87,21,2,42,31,10,310,6,20,120,18,15,270,28,25,700,4,10,40
2020-02-13,18,5,90,41,50,2050,31,30,930,23,20,460,38,5,190,30,400,12000,24,3,72,32,2,64,3,10,30,42,20,840,6,15,90,16,25,400,14,10,140
2020-02-14,4,5,20,35,50,1750,21,30,630,19,20,380,31,5,155,42,400,16800,24,3,72,35,2,70,8,10,80,25,20,500,45,15,675,46,25,1150,33,10,330
2020-02-15,25,5,125,1,50,50,17,30,510,45,20,900,36,5,180,37,400,14800,42,3,126,15,2,30,24,10,240,21,20,420,33,15,495,23,25,575,28,10,280
2020-02-16,14,5,70,21,50,1050,23,30,690,11,20,220,19,5,95,37,400,14800,4,3,12,5,2,10,15,10,150,16,20,320,23,15,345,20,25,500,37,10,370
2020-02-17,9,5,45,48,50,2400,37,30,1110,1,20,20,48,5,240,42,400,16800,3,3,9,46,2,92,43,10,430,31,20,620,23,15,345,38,25,950,8,10,80
2020-02-18,26,5,130,6,50,300,16,30,480,24,20,480,45,5,225,37,400,14800,34,3,102,48,2,96,31,10,310,14,20,280,26,15,390,25,25,625,44,10,440
2020-02-19,2,5,10,28,50,1400,6,30,180,7,20,140,36,5,180,35,400,14000,49,3,147,6,2,12,9,10,90,39,20,780,13,15,195,28,25,700,34,10,340
2020-02-20,20,5,100,17,50,850,8,30,240,25,20,500,30,5,150,23,400,9200,23,3,69,25,2,50,39,10,390,28,20,560,7,15,105,5,25,125,44,10,440
2020-02-21,28,5,140,5,50,250,25,30,750,21,20,420,49,5,245,6,400,2400,23,3,69,46,2,92,45,10,450,32,20,640,15,15,225,21,25,525,5,10,50
2020-02-22,47,5,235,31,50,1550,18,30,540,15,20,300,33,5,165,4,400,1600,45,3,135,40,2,80,2,10,20,28,20,560,44,15,660,18,25,450,5,10,50
2020-02-23,7,5,35,5,50,250,25,30,750,1,20,20,18,5,90,18,400,7200,5,3,15,29,2,58,8,10,80,49,20,980,27,15,405,47,25,1175,31,10,310
2020-02-24,44,5,220,38,50,1900,12,30,360,12,20,240,49,5,245,9,400,3600,31,3,93,7,2,14,7,10,70,9,20,180,26,15,390,6,25,150,45,10,450
2020-02-25,8,5,40,3,50,150,15,30,450,7,20,140,28,5,140,49,400,19600,41,3,123,40,2,80,44,10,440,45,20,900,33,15,495,29,25,725,9,10,90
2020-02-26,47,5,235,23,50,1150,26,30,780,15,20,300,47,5,235,29,400,11600,6,3,18,13,2,26,39,10,390,22,20,440,15,15,225,19,25,475,42,10,420
2020-02-27,35,5,175,37,50,1850,41,30,1230,21,20,420,11,5,55,13,400,5200,37,3,111,38,2,76,42,10,420,32,20,640,36,15,540,33,25,825,32,10,320
2020-02-28,14,5,70,37,50,1850,45,30,1350,19,20,380,45,5,225,47,400,18800,10,3,30,18,2,36,16,10,160,5,20,100,45,15,675,1,25,25,33,10,330
2020-02-29,17,5,85,10,50,500,26,30,780,29,20,580,33,5,165,17,400,6800,40,3,120,2,2,4,35,10,350,23,20,460,27,15,405,45,25,1125,3,10,30
2020-03-01,36,5,180,10,50,500,47,30,1410,25,20,500,17,5,85,45,400,18000,7,3,21,8,2,16,30,10,300,5,20,100,5,15,75,3,25,75,30,10,300
2020-03-02,40,5,200,19,50,950,32,30,960,33,20,660,6,5,30,32,400,12800,39,3,117,11,2,22,10,10,100,42,20,840,2,15,30,42,25,1050,12,10,120
2020-03-03,4,5,20,17,50,850,10,30,300,49,20,980,4,5,20,48,400,19200,38,3,114,33,2,66,38,10,380,32,20,640,33,15,495,21,25,525,29,10,290
2020-03-04,2,5,10,21,50,1050,16,30,480,32,20,640,20,5,100,22,400,8800,21,3,63,38,2,76,18,10,180,10,20,200,16,15,240,35,25,875,3,10,30
2020-03-05,6,5,30,14,50,700,7,30,210,49,20,980,48,5,240,4,400,1600,20,3,60,48,2,96,5,10,50,39,20,780,23,15,345,41,25,1025,26,10,260
2020-03-06,42,5,210,9,50,450,17,30,510,35,20,700,47,5,235,5,400,2000,3,3,9,27,2,54,29,10,290,15,20,300,38,15,570,40,25,1000,30,10,300
2020-03-07,4,5,20,46,50,2300,23,30,690,44,20,880,27,5,135,37,400,14800,22,3,66,20,2,40,39,10,390,7,20,140,16,15,240,3,25,75,9,10,90
2020-03-08,29,5,145,1,50,50,26,30,780,38,20,760,15,5,75,41,400,16400,47,3,141,12,2,24,34,10,340,29,20,580,14,15,210,25,25,625,26,10,260
2020-03-09,18,5,90,45,50,2250,21,30,630,26,20,520,6,5,30,49,400,19600,4,3,12,43,2,86,43,10,430,47,20,940,29,15,435,45,25,1125,2,10,20
2020-03-10,26,5,130,13,50,650,22,30,660,11,20,220,47,5,235,13,400,5200,28,3,84,31,2,62,45,10,450,3,20,60,26,15,390,38,25,950,3,10,30
2020-03-11,44,5,220,4,50,200,7,30,210,35,20,700,14,5,70,34,400,13600,12,3,36,27,2,54,23,10,230,19,20,380,35,15,525,45,25,1125,46,10,460
2020-03-12,34,5,170,1,50,50,14,30,420,8,20,160,11,5,55,45,400,18000,38,3,114,32,2,64,5,10,50,10,20,200,15,15,225,20,25,500,4,10,40
2020-03-13,10,5,50,49,50,2450,15,30,450,46,20,920,39,5,195,22,400,8800,36,3,108,10,2,20,30,10,300,28,20,560,3,15,45,44,25,1100,25,10,250
2020-03-14,36,5,180,40,50,2000,7,30,210,14,20,280,9,5,45,23,400,9200,47,3,141,3,2,6,6,10,60,29,20,580,23,15,345,45,25,1125,13,10,130
2020-03-15,14,5,70,32,50,1600,9,30,270,10,20,200,26,5,130,3,400,1200,41,3,123,45,2,90,46,10,460,15,20,300,29,15,435,34,25,850,39,10,390
2020-03-16,31,5,155,34,50,1700,48,30,1440,2,20,40,16,5,80,42,400,16800,5,3,15,27,2,54,44,10,440,35,20,700,34,15,510,21,25,525,44,10,440
2020-03-17,48,5,240,28,50,1400,8,30,240,46,20,920,5,5,25,34,400,13600,13,3,39,35,2,70,4,10,40,6,20,120,33,15,495,48,25,1200,35,10,350
2020-03-18,15,5,75,31,50,1550,23,30,690,9,20,180,10,5,50,32,400,12800,23,3,69,31,2,62,29,10,290,12,20,240,41,15,615,23,25,575,23,10,230
2020-03-19,8,5,40,8,50,400,29,30,870,3,20,60,3,5,15,45,400,18000,30,3,90,15,2,30,23,10,230,47,20,940,41,15,615,6,25,150,9,10,90
2020-03-20,14,5,70,39,50,1950,18,30,540,21,20,420,13,5,65,49,400,19600,37,3,111,16,2,32,6,10,60,38,20,760,23,15,345,13,25,325,2,10,20
2020-03-21,23,5,115,26,50,1300,31,30,930,26,20,520,43,5,215,21,400,8400,25,3,75,13,2,26,32,10,320,13,20,260,7,15,105,49,25,1225,41,10,410
2020-03-22,40,5,200,34,50,1700,30,30,900,8,20,160,49,5,245,46,400,18400,48,3,144,49,2,98,42,10,420,29,20,580,3,15,45,23,25,575,44,10,440
2020-03-23,21,5,105,3,50,150,39,30,1170,48,20,960,30,5,150,44,400,17600,27,3,81,35,2,70,18,10,180,19,20,380,32,15,480,9,25,225,31,10,310
2020-03-24,16,5,80,12,50,600,35,30,1050,2,20,40,45,5,225,21,400,8400,14,3,42,11,2,22,15,10,150,3,20,60,31,15,465,17,25,425,44,10,440
2020-03-25,45,5,225,1,50,50,18,30,540,6,20,120,6,5,30,44,400,17600,48,3,144,21,2,42,40,10,400,8,20,160,18,15,270,2,25,50,47,10,470
2020-03-26,18,5,90,44,50,2200,42,30,1260,28,20,560,17,5,85,11,400,4400,47,3,141,11,2,22,32,10,320,8,20,160,43,15,645,19,25,475,2,10,20
2020-03-27,47,5,235,5,50,250,39,30,1170,29,20,580,45,5,225,39,400,15600,36,3,108,30,2,60,9,10,90,20,20,400,7,15,105,19,25,475,32,10,320
2020-03-28,24,5,120,30,50,1500,17,30,510,26,20,520,19,5,95,4,400,1600,39,3,117,48,2,96,37,10,370,47,20,940,41,15,615,7,25,175,18,10,180
2020-03-29,26,5,130,30,50,1500,14,30,420,25,20,500,42,5,210,1,400,400,16,3,48,35,2,70,10,10,100,4,20,80,1,15,15,42,25,1050,13,10,130
2020-03-30,25,5,125,17,50,850,31,30,930,12,20,240,35,5,175,28,400,11200,22,3,66,22,2,44,20,10,200,21,20,420,14,15,210,42,25,1050,46,10,460
2020-03-31,45,5,225,48,50,2400,24,30,720,5,20,100,46,5,230,24,400,9600,21,3,63,38,2,76,6,10,60,3,20,60,32,15,480,20,25,500,5,10,50
2020-04-01,41,5,205,47,50,2350,35,30,1050,34,20,680,26,5,130,35,400,14000,21,3,63,31,2,62,48,10,480,45,20,900,6,15,90,9,25,225,42,10,420
2020-04-02,29,5,145,23,50,1150,44,30,1320,48,20,960,5,5,25,13,400,5200,8,3,24,14,2,28,3,10,30,8,20,160,39,15,585,17,25,425,44,10,440
2020-04-03,15,5,75,15,50,750,45,30,1350,37,20,740,29,5,145,47,400,18800,49,3,147,24,2,48,42,10,420,23,20,460,10,15,150,27,25,675,10,10,100
2020-04-04,45,5,225,37,50,1850,34,30,1020,15,20,300,37,5,185,34,400,13600,16,3,48,49,2,98,11,10,110,16,20,320,7,15,105,47,25,1175,43,10,430
2020-04-05,1,5,5,21,50,1050,3,30,90,44,20,880,20,5,100,11,400,4400,31,3,93,32,2,64,43,10,430,13,20,260,26,15,390,2,25,50,25,10,250
2020-04-06,25,5,125,14,50,700,37,30,1110,36,20,720,49,5,245,36,400,14400,42,3,126,36,2,72,17,10,170,3,20,60,34,15,510,36,25,900,34,10,340
2020-04-07,7,5,35,2,50,100,43,30,1290,15,20,300,21,5,105,17,400,6800,10,3,30,32,2,64,32,10,320,48,20,960,30,15,450,19,25,475,37,10,370
2020-04-08,9,5,45,11,50,550,40,30,1200,43,20,860,10,5,50,35,400,14000,32,3,96,15,2,30,4,10,40,9,20,180,36,15,540,17,25,425,30,10,300
2020-04-09,24,5,120,39,50,1950,26,30,780,48,20,960,5,5,25,18,400,7200,34,3,102,43,2,86,4,10,40,14,20,280,21,15,315,5,25,125,7,10,70
2020-04-10,1,5,5,38,50,1900,23,30,690,23,20,460,36,5,180,40,400,16000,9,3,27,35,2,70,17,10,170,13,20,260,17,15,255,39,25,975,6,10,60
2020-04-11,44,5,220,34,50,1700,44,30,1320,6,20,120,6,5,30,22,400,8800,17,3,51,3,2,6,41,10,410,7,20,140,33,15,495,18,25,450,3,10,30
2020-04-12,8,5,40,38,50,1900,39,30,1170,46,20,920,26,5,130,24,400,9600,11,3,33,16,2,32,19,10,190,15,20,300,10,15,150,7,25,175,13,10,130
2020-04-13,24,5,120,34,50,1700,15,30,450,44,20,880,4,5,20,19,400,7600,32,3,96,5,2,10,5,10,50,7,20,140,47,15,705,17,25,425,3,10,30
2020-04-14,11,5,55,18,50,900,49,30,1470,43,20,860,39,5,195,37,400,14800,10,3,30,21,2,42,32,10,320,38,20,760,42,15,630,39,25,975,26,10,260
2020-04-15,17,5,85,30,50,1500,4,30,120,45,20,900,39,5,195,39,400,15600,22,3,66,10,2,20,22,10,220,34,20,680,12,15,180,36,25,900,24,10,240
2020-04-16,8,5,40,15,50,750,29,30,870,21,20,420,35,5,175,21,400,8400,17,3,51,19,2,38,6,10,60,41,20,820,16,15,240,40,25,1000,6,10,60
2020-04-17,35,5,175,27,50,1350,22,30,660,23,20,460,1,5,5,8,400,3200,4,3,12,25,2,50,35,10,350,22,20,440,41,15,615,45,25,1125,43,10,430
2020-04-18,35,5,175,34,50,1700,25,30,750,43,20,860,24,5,120,28,400,11200,48,3,144,4,2,8,22,10,220,24,20,480,32,15,480,4,25,100,49,10,490
2020-04-19,33,5,165,38,50,1900,13,30,390,16,20,320,36,5,180,5,400,2000,47,3,141,29,2,58,1,10,10,49,20,980,15,15,225,38,25,950,42,10,420
2020-04-20,5,5,25,33,50,1650,18,30,540,47,20,940,6,5,30,17,400,6800,25,3,75,19,2,38,20,10,200,37,20,740,27,15,405,25,25,625,12,10,120
2020-04-21,42,5,210,24,50,1200,33,30,990,15,20,300,41,5,205,37,400,14800,21,3,63,43,2,86,22,10,220,44,20,880,28,15,420,5,25,125,49,10,490
2020-04-22,39,5,195,15,50,750,16,30,480,25,20,500,46,5,230,36,400,14400,37,3,111,2,2,4,48,10,480,1,20,20,17,15,255,30,25,750,36,10,360
2020-04-23,41,5,205,30,50,1500,45,30,1350,36,20,720,44,5,220,19,400,7600,38,3,114,10,2,20,11,10,110,10,20,200,46,15,690,12,25,300,2,10,20
2020-04-24,28,5,140,42,50,2100,42,30,1260,11,20,220,31,5,155,27,400,10800,49,3,147,43,2,86,13,10,130,43,20,860,2,15,30,4,25,100,11,10,110
2020-04-25,7,5,35,17,50,850,44,30,1320,15,20,300,20,5,100,34,400,13600,1,3,3,25,2,50,42,10,420,16,20,320,36,15,540,24,25,600,39,10,390
2020-04-26,9,5,45,5,50,250,2,30,60,4,20,80,24,5,120,11,400,4400,25,3,75,20,2,40,3,10,30,46,20,920,7,15,105,29,25,725,34,10,340
2020-04-27,8,5,40,29,50,1450,35,30,1050,21,20,420,25,5,125,45,400,18000,36,3,108,48,2,96,9,10,90,8,20,160,13,15,195,9,25,225,26,10,260
2020-04-28,12,5,60,4,50,200,42,30,1260,13,20,260,36,5,180,47,400,18800,17,3,51,19,2,38,12,10,120,49,20,980,15,15,225,4,25,100,18,10,180
2020-04-29,34,5,170,10,50,500,34,30,1020,22,20,440,21,5,105,12,400,4800,41,3,123,23,2,46,23,10,230,25,20,500,25,15,375,24,25,600,21,10,210
2020-04-30,33,5,165,17,50,850,30,30,900,19,20,380,30,5,150,21,400,8400,24,3,72,24,2,48,14,10,140,12,20,240,23,15,345,14,25,350,36,10,360
2020-05-01,48,5,240,10,50,500,13,30,390,34,20,680,24,5,120,11,400,4400,2,3,6,11,2,22,33,10,330,25,20,500,22,15,330,5,25,125,40,10,400
2020-05-02,23,5,115,17,50,850,13,30,390,14,20,280,44,5,220,39,400,15600,40,3,120,46,2,92,18,10,180,17,20,340,26,15,390,18,25,450,46,10,460
2020-05-03,24,5,120,20,50,1000,18,30,540,4,20,80,42,5,210,28,400,11200,15,3,45,34,2,68,49,10,490,26,20,520,33,15,495,42,25,1050,44,10,440
2020-05-04,37,5,185,24,50,1200,32,30,960,48,20,960,30,5,150,5,400,2000,32,3,96,28,2,56,41,10,410,46,20,920,11,15,165,19,25,475,22,10,220
2020-05-05,35,5,175,5,50,250,32,30,960,46,20,920,22,5,110,17,400,6800,39,3,117,5,2,10,9,10,90,48,20,960,10,15,150,12,25,300,30,10,300
2020-05-06,44,5,220,34,50,1700,35,30,1050,27,20,540,28,5,140,20,400,8000,6,3,18,5,2,10,23,10,230,14,20,280,25,15,375,18,25,450,43,10,430
2020-05-07,40,5,200,6,50,300,39,30,1170,29,20,580,7,5,35,41,400,16400,1,3,3,21,2,42,10,10,100,41,20,820,37,15,555,17,25,425,30,10,300
2020-05-08,22,5,110,2,50,100,46,30,1380,47,20,940,35,5,175,46,400,18400,47,3,141,12,2,24,19,10,190,36,20,720,48,15,720,30,25,750,8,10,80
2020-05-09,27,5,135,13,50,650,29,30,870,28,20,560,28,5,140,12,400,4800,23,3,69,4,2,8,47,10,470,23,20,460,43,15,645,24,25,600,34,10,340
2020-05-10,35,5,175,43,50,2150,49,30,1470,35,20,700,14,5,70,6,400,2400,39,3,117,49,2,98,5,10,50,43,20,860,38,15,570,11,25,275,47,10,470
2020-05-11,1,5,5,43,50,2150,29,30,870,8,20,160,10,5,50,17,400,6800,17,3,51,42,2,84,47,10,470,6,20,120,41,15,615,35,25,875,9,10,90
2020-05-12,35,5,175,48,50,2400,44,30,1320,16,20,320,16,5,80,19,400,7600,34,3,102,20,2,40,23,10,230,47,20,940,45,15,675,23,25,575,20,10,200
2020-05-13,37,5,185,11,50,550,16,30,480,42,20,840,16,5,80,26,400,10400,41,3,123,38,2,76,30,10,300,5,20,100,24,15,360,17,25,425,40,10,400
2020-05-14,47,5,235,47,50,2350,44,30,1320,36,20,720,31,5,155,48,400,19200,29,3,87,25,2,50,25,10,250,43,20,860,40,15,600,1,25,25,25,10,250
2020-05-15,14,5,70,23,50,1150,47,30,1410,30,20,600,42,5,210,44,400,17600,9,3,27,14,2,28,28,10,280,25,20,500,46,15,690,15,25,375,19,10,190
2020-05-16,3,5,15,16,50,800,10,30,300,18,20,360,25,5,125,44,400,17600,13,3,39,11,2,22,34,10,340,18,20,360,33,15,495,32,25,800,5,10,50
2020-05-17,1,5,5,31,50,1550,30,30,900,2,20,40,13,5,65,32,400,12800,6,3,18,32,2,64,45,10,450,13,20,260,17,15,255,9,25,225,11,10,110
2020-05-18,5,5,25,11,50,550,25,30,750,49,20,980,6,5,30,6,400,2400,6,3,18,11,2,22,48,10,480,43,20,860,24,15,360,15,25,375,15,10,150
2020-05-19,26,5,130,16,50,800,39,30,1170,13,20,260,44,5,220,36,400,14400,20,3,60,18,2,36,47,10,470,14,20,280,37,15,555,28,25,700,8,10,80
2020-05-20,14,5,70,8,50,400,20,30,600,4,20,80,9,5,45,38,400,15200,3,3,9,27,2,54,25,10,250,28,20,560,2,15,30,24,25,600,19,10,190
2020-05-21,39,5,195,4,50,200,5,30,150,26,20,520,45,5,225,11,400,4400,17,3,51,18,2,36,10,10,100,18,20,360,32,15,480,35,25,875,23,10,230
2020-05-22,27,5,135,40,50,2000,1,30,30,25,20,500,36,5,180,33,400,13200,49,3,147,23,2,46,14,10,140,28,20,560,24,15,360,22,25,550,27,10,270
2020-05-23,9,5,45,4,50,200,30,30,900,30,20,600,43,5,215,24,400,9600,12,3,36,11,2,22,42,10,420,27,20,540,9,15,135,27,25,675,40,10,400
2020-05-24,15,5,75,25,50,1250,49,30,1470,11,20,220,20,5,100,23,400,9200,48,3,144,21,2,42,46,10,460,32,20,640,4,15,60,19,25,475,32,10,320
2020-05-25,15,5,75,3,50,150,3,30,90,7,20,140,18,5,90,15,400,6000,47,3,141,44,2,88,30,10,300,47,20,940,17,15,255,45,25,1125,26,10,260
2020-05-26,26,5,130,32,50,1600,45,30,1350,31,20,620,43,5,215,27,400,10800,45,3,135,5,2,10,41,10,410,9,20,180,17,15,255,12,25,300,27,10,270
2020-05-27,42,5,210,3,50,150,14,30,420,44,20,880,21,5,105,11,400,4400,1,3,3,23,2,46,25,10,250,40,20,800,48,15,720,20,25,500,19,10,190
2020-05-28,13,5,65,27,50,1350,30,30,900,10,20,200,4,5,20,17,400,6800,17,3,51,41,2,82,14,10,140,32,20,640,30,15,450,1,25,25,42,10,420
2020-05-29,32,5,160,29,50,1450,4,30,120,39,20,780,33,5,165,14,400,5600,3,3,9,25,2,50,35,10,350,20,20,400,40,15,600,21,25,525,29,10,290
2020-05-30,39,5,195,32,50,1600,18,30,540,13,20,260,27,5,135,27,400,10800,26,3,78,41,2,82,48,10,480,28,20,560,11,15,165,49,25,1225,39,10,390
2020-05-31,49,5,245,19,50,950,37,30,1110,31,20,620,7,5,35,18,400,7200,15,3,45,10,2,20,34,10,340,33,20,660,21,15,315,45,25,1125,41,10,410
2020-06-01,32,5,160,21,50,1050,25,30,750,7,20,140,6,5,30,28,400,11200,36,3,108,22,2,44,10,10,100,4,20,80,21,15,315,1,25,25,33,10,330
2020-06-02,4,5,20,5,50,250,48,30,1440,49,20,980,15,5,75,47,400,18800,32,3,96,19,2,38,35,10,350,46,20,920,18,15,270,10,25,250,19,10,190
2020-06-03,30,5,150,18,50,900,1,30,30,42,20,840,18,5,90,47,400,18800,32,3,96,1,2,2,11,10,110,34,20,680,29,15,435,47,25,1175,37,10,370
2020-06-04,37,5,185,28,50,1400,46,30,1380,42,20,840,32,5,160,4,400,1600,4,3,12,7,2,14,11,10,110,48,20,960,24,15,360,32,25,800,19,10,190
2020-06-05,23,5,115,42,50,2100,15,30,450,36,20,720,11,5,55,7,400,2800,18,3,54,4,2,8,21,10,210,3,20,60,10,15,150,39,25,975,33,10,330
2020-06-06,39,5,195,22,50,1100,9,30,270,20,20,400,20,5,100,45,400,18000,49,3,147,1,2,2,21,10,210,26,20,520,45,15,675,22,25,550,47,10,470
2020-06-07,45,5,225,21,50,1050,15,30,450,4,20,80,24,5,120,35,400,14000,19,3,57,15,2,30,22,10,220,8,20,160,17,15,255,18,25,450,16,10,160
2020-06-08,15,5,75,6,50,300,49,30,1470,7,20,140,15,5,75,48,400,19200,43,3,129,40,2,80,45,10,450,6,20,120,18,15,270,48,25,1200,23,10,230
2020-06-09,43,5,215,1,50,50,24,30,720,1,20,20,48,5,240,9,400,3600,35,3,105,12,2,24,7,10,70,16,20,320,42,15,630,46,25,1150,7,10,70
2020-06-10,29,5,145,5,50,250,4,30,120,44,20,880,7,5,35,8,400,3200,40,3,120,22,2,44,17,10,170,24,20,480,48,15,720,32,25,800,26,10,260
2020-06-11,36,5,180,41,50,2050,12,30,360,45,20,900,21,5,105,45,400,18000,14,3,42,22,2,44,2,10,20,48,20,960,20,15,300,27,25,675,32,10,320
2020-06-12,13,5,65,12,50,600,37,30,1110,42,20,840,42,5,210,17,400,6800,33,3,99,47,2,94,12,10,120,39,20,780,37,15,555,28,25,700,12,10,120
2020-06-13,32,5,160,26,50,1300,37,30,1110,47,20,940,26,5,130,17,400,6800,14,3,42,17,2,34,42,10,420,30,20,600,45,15,675,18,25,450,8,10,80
2020-06-14,7,5,35,46,50,2300,43,30,1290,13,20,260,44,5,220,49,400,19600,34,3,102,29,2,58,18,10,180,45,20,900,18,15,270,39,25,975,5,10,50
2020-06-15,22,5,110,34,50,1700,6,30,180,22,20,440,14,5,70,33,400,13200,4,3,12,46,2,92,11,10,110,13,20,260,17,15,255,49,25,1225,42,10,420
2020-06-16,28,5,140,49,50,2450,39,30,1170,21,20,420,37,5,185,32,400,12800,24,3,72,14,2,28,16,10,160,5,20,100,9,15,135,29,25,725,28,10,280
2020-06-17,2,5,10,14,50,700,46,30,1380,22,20,440,21,5,105,8,400,3200,29,3,87,20,2,40,49,10,490,25,20,500,14,15,210,18,25,450,5,10,50
2020-06-18,42,5,210,26,50,1300,24,30,720,28,20,560,18,5,90,19,400,7600,19,3,57,48,2,96,18,10,180,20,20,400,49,15,735,44,25,1100,49,10,490
2020-06-19,45,5,225,45,50,2250,11,30,330,9,20,180,5,5,25,38,400,15200,6,3,18,33,2,66,35,10,350,18,20,360,29,15,435,8,25,200,26,10,260
2020-06-20,6,5,30,27,50,1350,13,30,390,26,20,520,3,5,15,3,400,1200,33,3,99,43,2,86,26,10,260,47,20,940,31,15,465,31,25,775,5,10,50
2020-06-21,28,5,140,9,50,450,34,30,1020,9,20,180,23,5,115,5,400,2000,49,3,147,15,2,30,16,10,160,18,20,360,4,15,60,34,25,850,22,10,220
2020-06-22,28,5,140,26,50,1300,25,30,750,15,20,300,26,5,130,13,400,5200,40,3,120,12,2,24,6,10,60,2,20,40,18,15,270,7,25,175,15,10,150
2020-06-23,44,5,220,47,50,2350,7,30,210,10,20,200,37,5,185,47,400,18800,19,3,57,40,2,80,44,10,440,10,20,200,20,15,300,36,25,900,13,10,130
2020-06-24,44,5,220,22,50,1100,4,30,120,24,20,480,24,5,120,46,400,18400,1,3,3,20,2,40,43,10,430,45,20,900,47,15,705,18,25,450,28,10,280
2020-06-25,20,5,100,47,50,2350,8,30,240,42,20,840,49,5,245,31,400,12400,5,3,15,30,2,60,47,10,470,47,20,940,43,15,645,38,25,950,33,10,330
2020-06-26,30,5,150,30,50,1500,20,30,600,8,20,160,19,5,95,16,400,6400,27,3,81,38,2,76,47,10,470,12,20,240,44,15,660,9,25,225,43,10,430
2020-06-27,11,5,55,43,50,2150,29,30,870,24,20,480,25,5,125,32,400,12800,16,3,48,3,2,6,48,10,480,47,20,940,9,15,135,9,25,225,23,10,230
2020-06-28,28,5,140,48,50,2400,45,30,1350,16,20,320,21,5,105,22,400,8800,6,3,18,28,2,56,42,10,420,13,20,260,13,15,195,46,25,1150,33,10,330
2020-06-29,25,5,125,17,50,850,46,30,1380,49,20,980,12,5,60,29,400,11600,40,3,120,26,2,52,12,10,120,47,20,940,15,15,225,8,25,200,43,10,430
2020-06-30,39,5,195,26,50,1300,10,30,300,26,20,520,41,5,205,22,400,8800,13,3,39,30,2,60,13,10,130,11,20,220,27,15,405,35,25,875,18,10,180
2020-07-01,33,5,165,36,50,1800,43,30,1290,27,20,540,33,5,165,43,400,17200,48,3,144,13,2,26,4,10,40,19,20,380,15,15,225,18,25,450,30,10,300
2020-07-02,1,5,5,1,50,50,34,30,1020,37,20,740,4,5,20,3,400,1200,35,3,105,13,2,26,39,10,390,35,20,700,28,15,420,5,25,125,26,10,260
2020-07-03,27,5,135,8,50,400,26,30,780,4,20,80,42,5,210,10,400,4000,19,3,57,2,2,4,2,10,20,39,20,780,37,15,555,14,25,350,16,10,160
2020-07-04,13,5,65,49,50,2450,41,30,1230,24,20,480,7,5,35,42,400,16800,12,3,36,37,2,74,26,10,260,26,20,520,19,15,285,28,25,700,13,10,130
2020-07-05,41,5,205,35,50,1750,49,30,1470,19,20,380,22,5,110,21,400,8400,16,3,48,49,2,98,27,10,270,46,20,920,26,15,390,30,25,750,39,10,390
2020-07-06,3,5,15,15,50,750,3,30,90,36,20,720,33,5,165,16,400,6400,43,3,129,38,2,76,27,10,270,14,20,280,26,15,390,4,25,100,33,10,330
2020-07-07,39,5,195,47,50,2350,6,30,180,39,20,780,17,5,85,12,400,4800,10,3,30,2,2,4,15,10,150,45,20,900,25,15,375,39,25,975,26,10,260
2020-07-08,6,5,30,22,50,1100,5,30,150,10,20,200,24,5,120,2,400,800,25,3,75,36,2,72,8,10,80,44,20,880,26,15,390,20,25,500,48,10,480
2020-07-09,8,5,40,14,50,700,5,30,150,25,20,500,34,5,170,41,400,16400,20,3,60,26,2,52,7,10,70,24,20,480,26,15,390,25,25,625,1,10,10
2020-07-10,27,5,135,26,50,1300,47,30,1410,18,20,360,28,5,140,24,400,9600,31,3,93,11,2,22,47,10,470,41,20,820,46,15,690,28,25,700,49,10,490
2020-07-11,9,5,45,28,50,1400,23,30,690,19,20,380,43,5,215,35,400,14000,4,3,12,8,2,16,46,10,460,1,20,20,28,15,420,12,25,300,38,10,380
2020-07-12,37,5,185,23,50,1150,49,30,1470,36,20,720,41,5,205,30,400,12000,44,3,132,44,2,88,40,10,400,43,20,860,49,15,735,2,25,50,2,10,20
2020-07-13,33,5,165,14,50,700,9,30,270,10,20,200,39,5,195,30,400,12000,23,3,69,40,2,80,12,10,120,22,20,440,18,15,270,43,25,1075,49,10,490
2020-07-14,42,5,210,24,50,1200,35,30,1050,33,20,660,22,5,110,47,400,18800,2,3,6,43,2,86,13,10,130,23,20,460,32,15,480,14,25,350,6,10,60
2020-07-15,44,5,220,2,50,100,20,30,600,5,20,100,49,5,245,35,400,14000,22,3,66,22,2,44,43,10,430,19,20,380,3,15,45,22,25,550,46,10,460
2020-07-16,24,5,120,45,50,2250,49,30,1470,47,20,940,17,5,85,19,400,7600,37,3,111,20,2,40,17,10,170,18,20,360,2,15,30,31,25,775,38,10,380
2020-07-17,15,5,75,26,50,1300,42,30,1260,49,20,980,34,5,170,8,400,3200,8,3,24,8,2,16,17,10,170,12,20,240,33,15,495,23,25,575,42,10,420
2020-07-18,32,5,160,14,50,700,35,30,1050,35,20,700,6,5,30,26,400,10400,7,3,21,29,2,58,36,10,360,28,20,560,42,15,630,48,25,1200,24,10,240
2020-07-19,32,5,160,7,50,350,18,30,540,44,20,880,46,5,230,49,400,19600,14,3,42,40,2,80,21,10,210,28,20,560,19,15,285,20,25,500,18,10,180
2020-07-20,24,5,120,3,50,150,17,30,510,34,20,680,6,5,30,40,400,16000,3,3,9,26,2,52,8,10,80,33,20,660,17,15,255,38,25,950,27,10,270
2020-07-21,41,5,205,47,50,2350,24,30,720,33,20,660,34,5,170,7,400,2800,16,3,48,30,2,60,5,10,50,19,20,380,44,15,660,4,25,100,41,10,410
2020-07-22,49,5,245,23,50,1150,3,30,90,21,20,420,1,5,5,30,400,12000,19,3,57,17,2,34,26,10,260,28,20,560,33,15,495,15,25,375,8,10,80
2020-07-23,49,5,245,46,50,2300,32,30,960,17,20,340,10,5,50,7,400,2800,18,3,54,20,2,40,16,10,160,49,20,980,12,15,180,24,25,600,28,10,280
2020-07-24,12,5,60,43,50,2150,35,30,1050,22,20,440,21,5,105,3,400,1200,16,3,48,16,2,32,36,10,360,37,20,740,49,15,735,25,25,625,10,10,100
2020-07-25,39,5,195,47,50,2350,38,30,1140,48,20,960,5,5,25,1,400,400,8,3,24,46,2,92,28,10,280,26,20,520,3,15,45,1,25,25,17,10,170
2020-07-26,2,5,10,45,50,2250,13,30,390,37,20,740,2,5,10,36,400,14400,33,3,99,43,2,86,29,10,290,35,20,700,43,15,645,7,25,175,29,10,290
2020-07-27,3,5,15,18,50,900,47,30,1410,15,20,300,22,5,110,25,400,10000,49,3,147,7,2,14,47,10,470,34,20,680,49,15,735,31,25,775,6,10,60
2020-07-28,49,5,245,38,50,1900,25,30,750,35,20,700,48,5,240,37,400,14800,12,3,36,16,2,32,12,10,120,35,20,700,26,15,390,12,25,300,14,10,140
2020-07-29,37,5,185,35,50,1750,9,30,270,28,20,560,2,5,10,1,400,400,11,3,33,45,2,90,37,10,370,40,20,800,35,15,525,42,25,1050,22,10,220
2020-07-30,49,5,245,15,50,750,4,30,120,7,20,140,10,5,50,15,400,6000,5,3,15,47,2,94,30,10,300,16,20,320,8,15,120,5,25,125,6,10,60
2020-07-31,17,5,85,25,50,1250,14,30,420,32,20,640,34,5,170,37,400,14800,27,3,81,48,2,96,23,10,230,38,20,760,36,15,540,44,25,1100,26,10,260
2020-08-01,49,5,245,37,50,1850,37,30,1110,11,20,220,16,5,80,13,400,5200,12,3,36,27,2,54,16,10,160,13,20,260,7,15,105,42,25,1050,39,10,390
2020-08-02,2,5,10,28,50,1400,34,30,1020,10,20,200,48,5,240,40,400,16000,17,3,51,23,2,46,14,10,140,23,20,460,46,15,690,38,25,950,12,10,120
2020-08-03,2,5,10,10,50,500,11,30,330,9,20,180,39,5,195,8,400,3200,6,3,18,24,2,48,10,10,100,22,20,440,46,15,690,12,25,300,35,10,350
2020-08-04,28,5,140,39,50,1950,41,30,1230,14,20,280,22,5,110,5,400,2000,33,3,99,9,2,18,7,10,70,16,20,320,36,15,540,39,25,975,14,10,140
2020-08-05,23,5,115,17,50,850,3,30,90,13,20,260,12,5,60,9,400,3600,5,3,15,35,2,70,45,10,450,28,20,560,16,15,240,18,25,450,22,10,220
2020-08-06,37,5,185,39,50,1950,28,30,840,25,20,500,24,5,120,1,400,400,28,3,84,20,2,40,37,10,370,48,20,960,24,15,360,2,25,50,23,10,230
2020-08-07,32,5,160,22,50,1100,29,30,870,2,20,40,47,5,235,36,400,14400,14,3,42,37,2,74,29,10,290,35,20,700,1,15,15,10,25,250,48,10,480
2020-08-08,33,5,165,26,50,1300,9,30,270,35,20,700,40,5,200,35,400,14000,5,3,15,42,2,84,3,10,30,45,20,900,49,15,735,15,25,375,7,10,70
2020-08-09,1,5,5,44,50,2200,3,30,90,7,20,140,38,5,190,2,400,800,33,3,99,17,2,34,15,10,150,46,20,920,25,15,375,30,25,750,40,10,400
2020-08-10,19,5,95,25,50,1250,25,30,750,21,20,420,10,5,50,40,400,16000,48,3,144,47,2,94,36,10,360,8,20,160,10,15,150,44,25,1100,25,10,250
2020-08-11,2,5,10,17,50,850,34,30,1020,18,20,360,35,5,175,23,400,9200,41,3,123,31,2,62,47,10,470,44,20,880,16,15,240,17,25,425,13,10,130
2020-08-12,44,5,220,13,50,650,12,30,360,3,20,60,49,5,245,9,400,3600,19,3,57,8,2,16,46,10,460,22,20,440,16,15,240,4,25,100,21,10,210
2020-08-13,26,5,130,20,50,1000,42,30,1260,42,20,840,32,5,160,34,400,13600,22,3,66,15,2,30,19,10,190,21,20,420,8,15,120,7,25,175,41,10,410
2020-08-14,32,5,160,25,50,1250,9,30,270,39,20,780,7,5,35,46,400,18400,5,3,15,31,2,62,13,10,130,26,20,520,29,15,435,41,25,1025,10,10,100
2020-08-15,6,5,30,4,50,200,15,30,450,41,20,820,21,5,105,14,400,5600,2,3,6,30,2,60,42,10,420,40,20,800,39,15,585,31,25,775,9,10,90
2020-08-16,32,5,160,10,50,500,40,30,1200,49,20,980,20,5,100,4,400,1600,30,3,90,46,2,92,21,10,210,21,20,420,28,15,420,39,25,975,15,10,150
2020-08-17,4,5,20,3,50,150,25,30,750,11,20,220,26,5,130,30,400,12000,47,3,141,20,2,40,37,10,370,25,20,500,6,15,90,34,25,850,2,10,20
2020-08-18,11,5,55,41,50,2050,5,30,150,39,20,780,4,5,20,31,400,12400,39,3,117,39,2,78,27,10,270,41,20,820,16,15,240,6,25,150,25,10,250
2020-08-19,17,5,85,45,50,2250,11,30,330,24,20,480,46,5,230,38,400,15200,4,3,12,12,2,24,29,10,290,1,20,20,20,15,300,38,25,950,13,10,130
2020-08-20,38,5,190,18,50,900,34,30,1020,46,20,920,22,5,110,11,400,4400,33,3,99,49,2,98,20,10,200,6,20,120,16,15,240,45,25,1125,34,10,340
2020-08-21,24,5,120,47,50,2350,24,30,720,19,20,380,15,5,75,35,400,14000,13,3,39,17,2,34,25,10,250,23,20,460,7,15,105,34,25,850,34,10,340
2020-08-22,5,5,25,36,50,1800,15,30,450,4,20,80,40,5,200,8,400,3200,20,3,60,42,2,84,6,10,60,23,20,460,41,15,615,44,25,1100,35,10,350
2020-08-23,34,5,170,47,50,2350,38,30,1140,26,20,520,21,5,105,3,400,1200,7,3,21,30,2,60,36,10,360,43,20,860,14,15,210,15,25,375,38,10,380
2020-08-24,6,5,30,22,50,1100,8,30,240,38,20,760,15,5,75,14,400,5600,15,3,45,29,2,58,2,10,20,43,20,860,43,15,645,14,25,350,3,10,30
2020-08-25,22,5,110,34,50,1700,5,30,150,42,20,840,22,5,110,13,400,5200,23,3,69,19,2,38,22,10,220,23,20,460,26,15,390,6,25,150,42,10,420
2020-08-26,11,5,55,47,50,2350,48,30,1440,32,20,640,28,5,140,45,400,18000,14,3,42,46,2,92,32,10,320,32,20,640,26,15,390,37,25,925,6,10,60
2020-08-27,48,5,240,8,50,400,26,30,780,39,20,780,14,5,70,32,400,12800,23,3,69,11,2,22,16,10,160,30,20,600,14,15,210,32,25,800,48,10,480
2020-08-28,16,5,80,40,50,2000,18,30,540,45,20,900,27,5,135,34,400,13600,19,3,57,34,2,68,18,10,180,13,20,260,7,15,105,3,25,75,49,10,490
2020-08-29,33,5,165,49,50,2450,6,30,180,46,20,920,41,5,205,45,400,18000,29,3,87,7,2,14,5,10,50,43,20,860,33,15,495,3,25,75,19,10,190
2020-08-30,9,5,45,44,50,2200,37,30,1110,36,20,720,40,5,200,19,400,7600,20,3,60,44,2,88,36,10,360,18,20,360,26,15,390,22,25,550,3,10,30
2020-08-31,6,5,30,19,50,950,48,30,1440,40,20,800,28,5,140,38,400,15200,29,3,87,34,2,68,30,10,300,23,20,460,45,15,675,22,25,550,18,10,180
2020-09-01,16,5,80,42,50,2100,13,30,390,37,20,740,26,5,130,16,400,6400,24,3,72,20,2,40,45,10,450,15,20,300,20,15,300,10,25,250,39,10,390
2020-09-02,29,5,145,41,50,2050,28,30,840,33,20,660,49,5,245,2,400,800,18,3,54,38,2,76,19,10,190,33,20,660,3,15,45,3,25,75,9,10,90
2020-09-03,3,5,15,37,50,1850,5,30,150,36,20,720,2,5,10,40,400,16000,10,3,30,24,2,48,23,10,230,21,20,420,4,15,60,12,25,300,12,10,120
2020-09-04,20,5,100,6,50,300,13,30,390,3,20,60,25,5,125,17,400,6800,41,3,123,10,2,20,34,10,340,39,20,780,26,15,390,29,25,725,5,10,50
2020-09-05,36,5,180,26,50,1300,17,30,510,9,20,180,3,5,15,34,400,13600,8,3,24,32,2,64,13,10,130,23,20,460,11,15,165,48,25,1200,3,10,30
2020-09-06,19,5,95,34,50,1700,40,30,1200,8,20,160,8,5,40,42,400,16800,26,3,78,15,2,30,43,10,430,27,20,540,2,15,30,17,25,425,11,10,110
2020-09-07,26,5,130,45,50,2250,45,30,1350,33,20,660,44,5,220,16,400,6400,29,3,87,37,2,74,29,10,290,45,20,900,14,15,210,7,25,175,30,10,300
2020-09-08,3,5,15,6,50,300,32,30,960,6,20,120,33,5,165,38,400,15200,10,3,30,20,2,40,36,10,360,44,20,880,44,15,660,13,25,325,4,10,40
2020-09-09,19,5,95,37,50,1850,29,30,870,41,20,820,42,5,210,2,400,800,17,3,51,3,2,6,22,10,220,18,20,360,30,15,450,2,25,50,5,10,50
2020-09-10,20,5,100,33,50,1650,3,30,90,39,20,780,35,5,175,2,400,800,2,3,6,37,2,74,47,10,470,24,20,480,49,15,735,4,25,100,1,10,10
2020-09-11,32,5,160,22,50,1100,40,30,1200,4,20,80,6,5,30,26,400,10400,6,3,18,40,2,80,36,10,360,47,20,940,12,15,180,10,25,250,27,10,270
2020-09-12,7,5,35,21,50,1050,34,30,1020,13,20,260,39,5,195,13,400,5200,5,3,15,8,2,16,9,10,90,40,20,800,26,15,390,39,25,975,28,10,280
2020-09-13,41,5,205,6,50,300,40,30,1200,49,20,980,23,5,115,47,400,18800,28,3,84,40,2,80,39,10,390,42,20,840,44,15,660,24,25,600,29,10,290
2020-09-14,33,5,165,6,50,300,27,30,810,2,20,40,25,5,125,31,400,12400,41,3,123,44,2,88,19,10,190,7,20,140,33,15,495,17,25,425,18,10,180
2020-09-15,40,5,200,48,50,2400,13,30,390,5,20,100,43,5,215,34,400,13600,5,3,15,23,2,46,38,10,380,48,20,960,13,15,195,6,25,150,12,10,120
2020-09-16,39,5,195,4,50,200,45,30,1350,44,20,880,19,5,95,39,400,15600,18,3,54,40,2,80,6,10,60,20,20,400,14,15,210,19,25,475,13,10,130
2020-09-17,18,5,90,30,50,1500,33,30,990,27,20,540,5,5,25,3,400,1200,26,3,78,11,2,22,47,10,470,27,20,540,24,15,360,5,25,125,41,10,410
2020-09-18,40,5,200,11,50,550,6,30,180,32,20,640,11,5,55,8,400,3200,20,3,60,46,2,92,15,10,150,6,20,120,34,15,510,32,25,800,2,10,20
2020-09-19,1,5,5,30,50,1500,24,30,720,21,20,420,12,5,60,23,400,9200,41,3,123,8,2,16,20,10,200,27,20,540,44,15,660,10,25,250,37,10,370
2020-09-20,11,5,55,31,50,1550,19,30,570,8,20,160,10,5,50,14,400,5600,49,3,147,29,2,58,9,10,90,9,20,180,26,15,390,9,25,225,45,10,450
2020-09-21,28,5,140,24,50,1200,16,30,480,38,20,760,8,5,40,27,400,10800,27,3,81,30,2,60,32,10,320,45,20,900,21,15,315,27,25,675,16,10,160
2020-09-22,25,5,125,9,50,450,40,30,1200,8,20,160,24,5,120,29,400,11600,49,3,147,10,2,20,4,10,40,31,20,620,28,15,420,13,25,325,48,10,480
2020-09-23,23,5,115,3,50,150,28,30,840,3,20,60,28,5,140,39,400,15600,12,3,36,39,2,78,18,10,180,21,20,420,48,15,720,19,25,475,24,10,240
2020-09-24,31,5,155,31,50,1550,33,30,990,44,20,880,41,5,205,39,400,15600,7,3,21,28,2,56,5,10,50,26,20,520,36,15,540,21,25,525,35,10,350
2020-09-25,30,5,150,40,50,2000,48,30,1440,3,20,60,36,5,180,1,400,400,3,3,9,49,2,98,20,10,200,40,20,800,40,15,600,24,25,600,22,10,220
2020-09-26,42,5,210,37,50,1850,41,30,1230,22,20,440,37,5,185,17,400,6800,10,3,30,36,2,72,23,10,230,48,20,960,2,15,30,38,25,950,36,10,360
2020-09-27,35,5,175,36,50,1800,13,30,390,6,20,120,21,5,105,41,400,16400,34,3,102,13,2,26,11,10,110,45,20,900,42,15,630,4,25,100,11,10,110
2020-09-28,7,5,35,24,50,1200,43,30,1290,2,20,40,8,5,40,30,400,12000,25,3,75,32,2,64,37,10,370,13,20,260,9,15,135,24,25,600,46,10,460
2020-09-29,16,5,80,31,50,1550,45,30,1350,23,20,460,9,5,45,13,400,5200,35,3,105,36,2,72,22,10,220,49,20,980,23,15,345,35,25,875,29,10,290
2020-09-30,26,5,130,6,50,300,25,30,750,44,20,880,47,5,235,21,400,8400,16,3,48,37,2,74,4,10,40,23,20,460,15,15,225,3,25,75,35,10,350
2020-10-01,48,5,240,2,50,100,42,30,1260,2,20,40,15,5,75,19,400,7600,2,3,6,26,2,52,29,10,290,20,20,400,13,15,195,4,25,100,48,10,480
2020-10-02,49,5,245,20,50,1000,36,30,1080,38,20,760,48,5,240,19,400,7600,24,3,72,22,2,44,44,10,440,37,20,740,23,15,345,37,25,925,15,10,150
2020-10-03,2,5,10,28,50,1400,27,30,810,17,20,340,46,5,230,25,400,10000,10,3,30,4,2,8,34,10,340,28,20,560,17,15,255,40,25,1000,31,10,310
2020-10-04,1,5,5,11,50,550,38,30,1140,35,20,700,40,5,200,22,400,8800,38,3,114,31,2,62,13,10,130,17,20,340,48,15,720,48,25,1200,42,10,420
2020-10-05,48,5,240,4,50,200,7,30,210,34,20,680,18,5,90,31,400,12400,22,3,66,18,2,36,42,10,420,28,20,560,2,15,30,35,25,875,41,10,410
2020-10-06,12,5,60,15,50,750,5,30,150,23,20,460,42,5,210,17,400,6800,26,3,78,38,2,76,9,10,90,41,20,820,20,15,300,31,25,775,43,10,430
2020-10-07,5,5,25,6,50,300,43,30,1290,30,20,600,20,5,100,23,400,9200,43,3,129,24,2,48,42,10,420,2,20,40,20,15,300,44,25,1100,16,10,160
2020-10-08,37,5,185,49,50,2450,45,30,1350,8,20,160,6,5,30,32,400,12800,39,3,117,23,2,46,31,10,310,25,20,500,46,15,690,25,25,625,10,10,100
2020-10-09,32,5,160,30,50,1500,31,30,930,22,20,440,12,5,60,10,400,4000,27,3,81,22,2,44,7,10,70,41,20,820,3,15,45,40,25,1000,49,10,490
2020-10-10,9,5,45,38,50,1900,23,30,690,44,20,880,2,5,10,10,400,4000,29,3,87,2,2,4,4,10,40,6,20,120,12,15,180,13,25,325,32,10,320
2020-10-11,41,5,205,2,50,100,42,30,1260,36,20,720,7,5,35,36,400,14400,47,3,141,31,2,62,19,10,190,11,20,220,40,15,600,4,25,100,2,10,20
2020-10-12,35,5,175,15,50,750,10,30,300,5,20,100,16,5,80,8,400,3200,38,3,114,11,2,22,42,10,420,38,20,760,2,15,30,46,25,1150,24,10,240
2020-10-13,19,5,95,11,50,550,32,30,960,13,20,260,3,5,15,20,400,8000,20,3,60,28,2,56,30,10,300,6,20,120,36,15,540,14,25,350,23,10,230
2020-10-14,48,5,240,8,50,400,43,30,1290,29,20,580,45,5,225,32,400,12800,27,3,81,46,2,92,31,10,310,45,20,900,14,15,210,13,25,325,2,10,20
2020-10-15,16,5,80,26,50,1300,30,30,900,31,20,620,3,5,15,14,400,5600,41,3,123,32,2,64,35,10,350,11,20,220,16,15,240,27,25,675,38,10,380
2020-10-16,3,5,15,45,50,2250,39,30,1170,47,20,940,27,5,135,28,400,11200,20,3,60,5,2,10,21,10,210,14,20,280,19,15,285,6,25,150,31,10,310
2020-10-17,20,5,100,44,50,2200,31,30,930,16,20,320,43,5,215,46,400,18400,44,3,132,38,2,76,31,10,310,2,20,40,34,15,510,17,25,425,40,10,400
2020-10-18,24,5,120,5,50,250,18,30,540,42,20,840,40,5,200,24,400,9600,19,3,57,10,2,20,19,10,190,40,20,800,44,15,660,36,25,900,26,10,260
2020-10-19,33,5,165,6,50,300,36,30,1080,30,20,600,38,5,190,15,400,6000,20,3,60,40,2,80,31,10,310,3,20,60,46,15,690,40,25,1000,29,10,290
2020-10-20,24,5,120,26,50,1300,2,30,60,16,20,320,33,5,165,22,400,8800,35,3,105,46,2,92,32,10,320,35,20,700,6,15,90,49,25,1225,3,10,30
2020-10-21,11,5,55,4,50,200,14,30,420,12,20,240,28,5,140,30,400,12000,47,3,141,24,2,48,2,10,20,33,20,660,13,15,195,35,25,875,14,10,140
2020-10-22,49,5,245,19,50,950,13,30,390,17,20,340,1,5,5,4,400,1600,2,3,6,35,2,70,10,10,100,24,20,480,36,15,540,17,25,425,25,10,250
2020-10-23,8,5,40,20,50,1000,29,30,870,16,20,320,8,5,40,13,400,5200,30,3,90,44,2,88,2,10,20,19,20,380,22,15,330,41,25,1025,48,10,480
2020-10-24,36,5,180,33,50,1650,12,30,360,12,20,240,37,5,185,23,400,9200,34,3,102,48,2,96,2,10,20,18,20,360,18,15,270,2,25,50,1,10,10
2020-10-25,38,5,190,20,50,1000,39,30,1170,8,20,160,32,5,160,8,400,3200,22,3,66,23,2,46,24,10,240,49,20,980,12,15,180,13,25,325,3,10,30
2020-10-26,40,5,200,49,50,2450,2,30,60,20,20,400,48,5,240,18,400,7200,3,3,9,17,2,34,17,10,170,24,20,480,30,15,450,2,25,50,26,10,260
2020-10-27,20,5,100,12,50,600,32,30,960,3,20,60,43,5,215,12,400,4800,6,3,18,1,2,2,32,10,320,45,20,900,40,15,600,28,25,700,18,10,180
2020-10-28,35,5,175,47,50,2350,13,30,390,16,20,320,37,5,185,31,400,12400,15,3,45,31,2,62,16,10,160,35,20,700,7,15,105,43,25,1075,9,10,90
2020-10-29,48,5,240,1,50,50,46,30,1380,30,20,600,4,5,20,14,400,5600,27,3,81,31,2,62,16,10,160,1,20,20,32,15,480,26,25,650,38,10,380
2020-10-30,25,5,125,26,50,1300,27,30,810,45,20,900,30,5,150,34,400,13600,10,3,30,42,2,84,46,10,460,36,20,720,48,15,720,22,25,550,23,10,230
2020-10-31,35,5,175,14,50,700,49,30,1470,23,20,460,6,5,30,18,400,7200,9,3,27,42,2,84,39,10,390,25,20,500,19,15,285,47,25,1175,21,10,210
2020-11-01,25,5,125,38,50,1900,41,30,1230,28,20,560,46,5,230,34,400,13600,33,3,99,34,2,68,31,10,310,45,20,900,6,15,90,43,25,1075,1,10,10
2020-11-02,29,5,145,37,50,1850,17,30,510,40,20,800,19,5,95,11,400,4400,32,3,96,9,2,18,43,10,430,49,20,980,20,15,300,3,25,75,21,10,210
2020-11-03,18,5,90,11,50,550,40,30,1200,5,20,100,32,5,160,41,400,16400,48,3,144,22,2,44,24,10,240,43,20,860,27,15,405,35,25,875,27,10,270
2020-11-04,46,5,230,36,50,1800,31,30,930,20,20,400,9,5,45,12,400,4800,6,3,18,13,2,26,1,10,10,34,20,680,43,15,645,12,25,300,42,10,420
2020-11-05,18,5,90,13,50,650,34,30,1020,40,20,800,12,5,60,49,400,19600,41,3,123,25,2,50,11,10,110,25,20,500,37,15,555,24,25,600,6,10,60
2020-11-06,2,5,10,43,50,2150,24,30,720,44,20,880,11,5,55,15,400,6000,36,3,108,48,2,96,21,10,210,16,20,320,48,15,720,5,25,125,44,10,440
2020-11-07,35,5,175,3,50,150,45,30,1350,1,20,20,46,5,230,31,400,12400,2,3,6,18,2,36,4,10,40,34,20,680,7,15,105,20,25,500,36,10,360
2020-11-08,16,5,80,33,50,1650,35,30,1050,30,20,600,16,5,80,49,400,19600,29,3,87,12,2,24,7,10,70,29,20,580,5,15,75,39,25,975,28,10,280
2020-11-09,41,5,205,6,50,300,48,30,1440,21,20,420,1,5,5,29,400,11600,4,3,12,40,2,80,26,10,260,19,20,380,11,15,165,39,25,975,45,10,450
2020-11-10,36,5,180,10,50,500,6,30,180,20,20,400,45,5,225,26,400,10400,1,3,3,17,2,34,47,10,470,23,20,460,15,15,225,13,25,325,17,10,170
2020-11-11,33,5,165,5,50,250,19,30,570,6,20,120,21,5,105,18,400,7200,19,3,57,15,2,30,12,10,120,19,20,380,3,15,45,41,25,1025,40,10,400
2020-11-12,4,5,20,23,50,1150,30,30,900,22,20,440,30,5,150,32,400,12800,26,3,78,42,2,84,31,10,310,25,20,500,5,15,75,45,25,1125,3,10,30
2020-11-13,33,5,165,10,50,500,7,30,210,18,20,360,13,5,65,22,400,8800,25,3,75,15,2,30,17,10,170,16,20,320,23,15,345,12,25,300,12,10,120
2020-11-14,14,5,70,44,50,2200,10,30,300,8,20,160,34,5,170,38,400,15200,10,3,30,15,2,30,33,10,330,9,20,180,37,15,555,13,25,325,39,10,390
2020-11-15,21,5,105,2,50,100,41,30,1230,39,20,780,4,5,20,17,400,6800,15,3,45,39,2,78,11,10,110,1,20,20,9,15,135,10,25,250,12,10,120
2020-11-16,48,5,240,13,50,650,32,30,960,32,20,640,28,5,140,23,400,9200,22,3,66,13,2,26,28,10,280,42,20,840,15,15,225,33,25,825,2,10,20
2020-11-17,20,5,100,40,50,2000,34,30,1020,33,20,660,38,5,190,24,400,9600,48,3,144,17,2,34,32,10,320,19,20,380,3,15,45,40,25,1000,46,10,460
2020-11-18,8,5,40,2,50,100,28,30,840,16,20,320,31,5,155,8,400,3200,21,3,63,32,2,64,1,10,10,33,20,660,29,15,435,16,25,400,22,10,220
2020-11-19,7,5,35,20,50,1000,15,30,450,12,20,240,27,5,135,41,400,16400,22,3,66,9,2,18,47,10,470,34,20,680,6,15,90,45,25,1125,23,10,230
2020-11-20,3,5,15,1,50,50,30,30,900,38,20,760,5,5,25,6,400,2400,36,3,108,40,2,80,28,10,280,16,20,320,17,15,255,35,25,875,30,10,300
2020-11-21,17,5,85,37,50,1850,37,30,1110,34,20,680,25,5,125,5,400,2000,34,3,102,20,2,40,42,10,420,44,20,880,26,15,390,3,25,75,5,10,50
2020-11-22,33,5,165,9,50,450,29,30,870,14,20,280,3,5,15,44,400,17600,30,3,90,26,2,52,7,10,70,40,20,800,21,15,315,5,25,125,9,10,90
2020-11-23,48,5,240,17,50,850,22,30,660,36,20,720,33,5,165,29,400,11600,25,3,75,27,2,54,2,10,20,18,20,360,8,15,120,26,25,650,21,10,210
2020-11-24,12,5,60,9,50,450,4,30,120,33,20,660,4,5,20,28,400,11200,45,3,135,21,2,42,42,10,420,34,20,680,21,15,315,11,25,275,11,10,110
2020-11-25,22,5,110,11,50,550,20,30,600,23,20,460,25,5,125,11,400,4400,28,3,84,18,2,36,24,10,240,25,20,500,11,15,165,7,25,175,5,10,50
2020-11-26,22,5,110,15,50,750,32,30,960,45,20,900,20,5,100,1,400,400,1,3,3,13,2,26,4,10,40,45,20,900,38,15,570,10,25,250,35,10,350
2020-11-27,46,5,230,24,50,1200,36,30,1080,2,20,40,34,5,170,43,400,17200,49,3,147,16,2,32,44,10,440,6,20,120,8,15,120,42,25,1050,27,10,270
2020-11-28,30,5,150,38,50,1900,4,30,120,41,20,820,26,5,130,19,400,7600,45,3,135,9,2,18,19,10,190,21,20,420,42,15,630,34,25,850,49,10,490
2020-11-29,38,5,190,35,50,1750,27,30,810,21,20,420,5,5,25,9,400,3600,4,3,12,12,2,24,26,10,260,6,20,120,24,15,360,3,25,75,2,10,20
2020-11-30,38,5,190,30,50,1500,17,30,510,2,20,40,35,5,175,27,400,10800,7,3,21,44,2,88,11,10,110,32,20,640,35,15,525,8,25,200,24,10,240
2020-12-01,45,5,225,31,50,1550,12,30,360,27,20,540,28,5,140,34,400,13600,49,3,147,38,2,76,40,10,400,41,20,820,14,15,210,31,25,775,31,10,310
2020-12-02,8,5,40,49,50,2450,22,30,660,9,20,180,29,5,145,44,400,17600,9,3,27,19,2,38,43,10,430,48,20,960,14,15,210,11,25,275,33,10,330
2020-12-03,27,5,135,5,50,250,17,30,510,1,20,20,9,5,45,4,400,1600,36,3,108,7,2,14,11,10,110,43,20,860,10,15,150,45,25,1125,39,10,390
2020-12-04,27,5,135,44,50,2200,10,30,300,11,20,220,38,5,190,36,400,14400,19,3,57,35,2,70,45,10,450,39,20,780,12,15,180,7,25,175,30,10,300
2020-12-05,34,5,170,14,50,700,1,30,30,3,20,60,6,5,30,18,400,7200,1,3,3,48,2,96,3,10,30,31,20,620,38,15,570,45,25,1125,46,10,460
2020-12-06,21,5,105,11,50,550,22,30,660,23,20,460,19,5,95,15,400,6000,10,3,30,18,2,36,12,10,120,42,20,840,44,15,660,2,25,50,37,10,370
2020-12-07,30,5,150,9,50,450,26,30,780,26,20,520,44,5,220,13,400,5200,36,3,108,16,2,32,3,10,30,10,20,200,46,15,690,6,25,150,28,10,280
2020-12-08,33,5,165,34,50,1700,18,30,540,4,20,80,11,5,55,19,400,7600,9,3,27,39,2,78,42,10,420,30,20,600,34,15,510,41,25,1025,31,10,310
2020-12-09,28,5,140,12,50,600,14,30,420,18,20,360,2,5,10,49,400,19600,45,3,135,4,2,8,27,10,270,18,20,360,41,15,615,32,25,800,11,10,110
2020-12-10,47,5,235,35,50,1750,47,30,1410,6,20,120,47,5,235,6,400,2400,46,3,138,25,2,50,49,10,490,24,20,480,10,15,150,20,25,500,23,10,230
2020-12-11,33,5,165,35,50,1750,29,30,870,35,20,700,44,5,220,48,400,19200,42,3,126,32,2,64,2,10,20,9,20,180,17,15,255,34,25,850,2,10,20
2020-12-12,5,5,25,1,50,50,12,30,360,22,20,440,44,5,220,12,400,4800,32,3,96,40,2,80,49,10,490,31,20,620,17,15,255,16,25,400,40,10,400
2020-12-13,48,5,240,40,50,2000,36,30,1080,43,20,860,9,5,45,37,400,14800,32,3,96,13,2,26,16,10,160,15,20,300,3,15,45,25,25,625,41,10,410
2020-12-14,19,5,95,22,50,1100,35,30,1050,15,20,300,21,5,105,17,400,6800,6,3,18,45,2,90,2,10,20,4,20,80,31,15,465,12,25,300,27,10,270
2020-12-15,4,5,20,29,50,1450,12,30,360,22,20,440,24,5,120,23,400,9200,48,3,144,17,2,34,30,10,300,40,20,800,1,15,15,7,25,175,35,10,350
2020-12-16,35,5,175,8,50,400,7,30,210,37,20,740,34,5,170,26,400,10400,38,3,114,49,2,98,20,10,200,9,20,180,12,15,180,39,25,975,2,10,20
2020-12-17,49,5,245,11,50,550,29,30,870,42,20,840,22,5,110,29,400,11600,17,3,51,37,2,74,38,10,380,45,20,900,39,15,585,17,25,425,39,10,390
2020-12-18,17,5,85,41,50,2050,11,30,330,12,20,240,3,5,15,33,400,13200,10,3,30,6,2,12,28,10,280,9,20,180,4,15,60,45,25,1125,37,10,370
2020-12-19,44,5,220,37,50,1850,33,30,990,47,20,940,12,5,60,27,400,10800,27,3,81,19,2,38,25,10,250,26,20,520,42,15,630,11,25,275,21,10,210
2020-12-20,28,5,140,14,50,700,6,30,180,49,20,980,28,5,140,25,400,10000,35,3,105,13,2,26,32,10,320,4,20,80,13,15,195,6,25,150,5,10,50
2020-12-21,30,5,150,30,50,1500,47,30,1410,42,20,840,30,5,150,10,400,4000,21,3,63,26,2,52,10,10,100,17,20,340,34,15,510,23,25,575,45,10,450
2020-12-22,29,5,145,35,50,1750,15,30,450,38,20,760,26,5,130,47,400,18800,25,3,75,14,2,28,42,10,420,16,20,320,42,15,630,27,25,675,21,10,210
2020-12-23,46,5,230,21,50,1050,32,30,960,18,20,360,48,5,240,23,400,9200,28,3,84,31,2,62,40,10,400,15,20,300,21,15,315,46,25,1150,29,10,290
2020-12-24,6,5,30,37,50,1850,11,30,330,45,20,900,21,5,105,21,400,8400,47,3,141,4,2,8,33,10,330,35,20,700,22,15,330,6,25,150,20,10,200
2020-12-25,35,5,175,5,50,250,23,30,690,35,20,700,28,5,140,21,400,8400,15,3,45,39,2,78,13,10,130,5,20,100,4,15,60,38,25,950,38,10,380
2020-12-26,41,5,205,19,50,950,26,30,780,30,20,600,26,5,130,43,400,17200,4,3,12,8,2,16,41,10,410,5,20,100,18,15,270,2,25,50,20,10,200
2020-12-27,37,5,185,14,50,700,34,30,1020,24,20,480,33,5,165,13,400,5200,29,3,87,25,2,50,42,10,420,20,20,400,5,15,75,22,25,550,25,10,250
2020-12-28,24,5,120,26,50,1300,46,30,1380,42,20,840,21,5,105,37,400,14800,9,3,27,13,2,26,47,10,470,15,20,300,19,15,285,20,25,500,2,10,20
2020-12-29,29,5,145,4,50,200,34,30,1020,30,20,600,35,5,175,33,400,13200,27,3,81,32,2,64,37,10,370,18,20,360,2,15,30,25,25,625,32,10,320
2020-12-30,49,5,245,25,50,1250,29,30,870,14,20,280,34,5,170,24,400,9600,26,3,78,38,2,76,16,10,160,47,20,940,12,15,180,15,25,375,26,10,260
2020-12-31,46,5,230,45,50,2250,4,30,120,6,20,120,41,5,205,44,400,17600,19,3,57,38,2,76,45,10,450,2,20,40,17,15,255,49,25,1225,6,10,60
2021-01-01,31,5,155,42,50,2100,17,30,510,3,20,60,47,5,235,11,400,4400,28,3,84,28,2,56,22,10,220,29,20,580,10,15,150,29,25,725,41,10,410
2021-01-02,35,5,175,25,50,1250,35,30,1050,16,20,320,18,5,90,17,400,6800,17,3,51,30,2,60,20,10,200,13,20,260,34,15,510,8,25,200,3,10,30
2021-01-03,33,5,165,18,50,900,13,30,390,7,20,140,11,5,55,4,400,1600,43,3,129,3,2,6,43,10,430,4,20,80,6,15,90,37,25,925,33,10,330
2021-01-04,21,5,105,40,50,2000,41,30,1230,14,20,280,23,5,115,47,400,18800,41,3,123,28,2,56,27,10,270,42,20,840,8,15,120,49,25,1225,1,10,10
2021-01-05,32,5,160,8,50,400,39,30,1170,9,20,180,48,5,240,25,400,10000,42,3,126,3,2,6,41,10,410,45,20,900,11,15,165,33,25,825,5,10,50
2021-01-06,23,5,115,39,50,1950,15,30,450,15,20,300,22,5,110,30,400,12000,20,3,60,45,2,90,16,10,160,10,20,200,12,15,180,22,25,550,13,10,130
2021-01-07,33,5,165,40,50,2000,29,30,870,21,20,420,17,5,85,9,400,3600,45,3,135,34,2,68,34,10,340,31,20,620,9,15,135,47,25,1175,19,10,190
2021-01-08,3,5,15,14,50,700,29,30,870,35,20,700,5,5,25,21,400,8400,40,3,120,16,2,32,32,10,320,41,20,820,2,15,30,5,25,125,12,10,120
2021-01-09,18,5,90,32,50,1600,11,30,330,2,20,40,44,5,220,20,400,8000,39,3,117,22,2,44,26,10,260,8,20,160,8,15,120,39,25,975,48,10,480
2021-01-10,25,5,125,38,50,1900,32,30,960,27,20,540,11,5,55,19,400,7600,49,3,147,32,2,64,25,10,250,3,20,60,11,15,165,18,25,450,25,10,250
2021-01-11,42,5,210,33,50,1650,2,30,60,2,20,40,30,5,150,19,400,7600,23,3,69,38,2,76,2,10,20,48,20,960,36,15,540,38,25,950,35,10,350
2021-01-12,31,5,155,23,50,1150,47,30,1410,35,20,700,15,5,75,12,400,4800,47,3,141,8,2,16,12,10,120,46,20,920,10,15,150,37,25,925,12,10,120
2021-01-13,3,5,15,15,50,750,14,30,420,18,20,360,27,5,135,37,400,14800,32,3,96,8,2,16,40,10,400,9,20,180,21,15,315,30,25,750,30,10,300
2021-01-14,40,5,200,33,50,1650,20,30,600,14,20,280,35,5,175,42,400,16800,47,3,141,6,2,12,9,10,90,30,20,600,20,15,300,31,25,775,5,10,50
2021-01-15,46,5,230,25,50,1250,22,30,660,20,20,400,33,5,165,17,400,6800,33,3,99,14,2,28,12,10,120,11,20,220,48,15,720,10,25,250,34,10,340
2021-01-16,24,5,120,17,50,850,11,30,330,18,20,360,20,5,100,37,400,14800,46,3,138,32,2,64,26,10,260,35,20,700,8,15,120,15,25,375,22,10,220
2021-01-17,32,5,160,33,50,1650,27,30,810,10,20,200,16,5,80,48,400,19200,5,3,15,35,2,70,9,10,90,37,20,740,36,15,540,42,25,1050,39,10,390
2021-01-18,47,5,235,47,50,2350,3,30,90,25,20,500,34,5,170,39,400,15600,43,3,129,10,2,20,10,10,100,42,20,840,29,15,435,48,25,1200,13,10,130
2021-01-19,22,5,110,2,50,100,17,30,510,2,20,40,2,5,10,28,400,11200,48,3,144,3,2,6,32,10,320,13,20,260,42,15,630,44,25,1100,47,10,470
2021-01-20,23,5,115,14,50,700,44,30,1320,25,20,500,35,5,175,41,400,16400,34,3,102,12,2,24,34,10,340,36,20,720,12,15,180,18,25,450,3,10,30
2021-01-21,2,5,10,40,50,2000,28,30,840,33,20,660,40,5,200,35,400,14000,40,3,120,49,2,98,48,10,480,13,20,260,14,15,210,23,25,575,20,10,200
2021-01-22,27,5,135,40,50,2000,29,30,870,36,20,720,28,5,140,47,400,18800,11,3,33,31,2,62,20,10,200,12,20,240,48,15,720,33,25,825,31,10,310
2021-01-23,42,5,210,39,50,1950,21,30,630,31,20,620,47,5,235,48,400,19200,3,3,9,29,2,58,39,10,390,37,20,740,21,15,315,16,25,400,5,10,50
2021-01-24,2,5,10,6,50,300,47,30,1410,14,20,280,39,5,195,18,400,7200,33,3,99,5,2,10,2,10,20,10,20,200,22,15,330,38,25,950,24,10,240
2021-01-25,26,5,130,6,50,300,16,30,480,1,20,20,6,5,30,14,400,5600,11,3,33,25,2,50,1,10,10,9,20,180,21,15,315,35,25,875,40,10,400
2021-01-26,17,5,85,3,50,150,37,30,1110,46,20,920,9,5,45,35,400,14000,16,3,48,41,2,82,36,10,360,7,20,140,44,15,660,34,25,850,33,10,330
2021-01-27,40,5,200,7,50,350,20,30,600,16,20,320,20,5,100,44,400,17600,18,3,54,31,2,62,24,10,240,2,20,40,30,15,450,28,25,700,8,10,80
2021-01-28,33,5,165,8,50,400,6,30,180,46,20,920,1,5,5,41,400,16400,30,3,90,21,2,42,27,10,270,23,20,460,39,15,585,2,25,50,24,10,240
2021-01-29,9,5,45,42,50,2100,19,30,570,3,20,60,8,5,40,7,400,2800,48,3,144,20,2,40,2,10,20,39,20,780,20,15,300,30,25,750,20,10,200
2021-01-30,43,5,215,15,50,750,5,30,150,35,20,700,23,5,115,41,400,16400,10,3,30,39,2,78,31,10,310,40,20,800,24,15,360,13,25,325,16,10,160
2021-01-31,48,5,240,47,50,2350,3,30,90,41,20,820,3,5,15,13,400,5200,18,3,54,22,2,44,14,10,140,39,20,780,23,15,345,41,25,1025,12,10,120
2021-02-01,39,5,195,29,50,1450,1,30,30,6,20,120,4,5,20,18,400,7200,38,3,114,4,2,8,2,10,20,21,20,420,7,15,105,16,25,400,13,10,130
2021-02-02,29,5,145,33,50,1650,38,30,1140,25,20,500,25,5,125,37,400,14800,19,3,57,13,2,26,29,10,290,23,20,460,9,15,135,5,25,125,45,10,450
2021-02-03,42,5,210,30,50,1500,15,30,450,13,20,260,47,5,235,13,400,5200,36,3,108,45,2,90,15,10,150,29,20,580,1,15,15,28,25,700,42,10,420
2021-02-04,26,5,130,39,50,1950,34,30,1020,34,20,680,38,5,190,36,400,14400,13,3,39,42,2,84,12,10,120,14,20,280,26,15,390,39,25,975,39,10,390
2021-02-05,35,5,175,27,50,1350,35,30,1050,8,20,160,15,5,75,31,400,12400,46,3,138,49,2,98,37,10,370,26,20,520,38,15,570,45,25,1125,25,10,250
2021-02-06,25,5,125,36,50,1800,49,30,1470,21,20,420,21,5,105,2,400,800,3,3,9,20,2,40,28,10,280,5,20,100,38,15,570,20,25,500,46,10,460
2021-02-07,24,5,120,29,50,1450,25,30,750,34,20,680,35,5,175,16,400,6400,10,3,30,13,2,26,20,10,200,31,20,620,44,15,660,24,25,600,32,10,320
2021-02-08,13,5,65,38,50,1900,24,30,720,4,20,80,46,5,230,9,400,3600,38,3,114,17,2,34,39,10,390,25,20,500,22,15,330,27,25,675,24,10,240
2021-02-09,7,5,35,33,50,1650,12,30,360,25,20,500,14,5,70,9,400,3600,1,3,3,36,2,72,24,10,240,31,20,620,44,15,660,30,25,750,48,10,480
2021-02-10,36,5,180,37,50,1850,18,30,540,15,20,300,36,5,180,38,400,15200,27,3,81,33,2,66,21,10,210,20,20,400,10,15,150,45,25,1125,47,10,470
2021-02-11,45,5,225,27,50,1350,15,30,450,4,20,80,12,5,60,11,400,4400,46,3,138,1,2,2,10,10,100,44,20,880,6,15,90,27,25,675,44,10,440
2021-02-12,20,5,100,33,50,1650,44,30,1320,45,20,900,17,5,85,22,400,8800,8,3,24,15,2,30,46,10,460,17,20,340,17,15,255,26,25,650,9,10,90
2021-02-13,1,5,5,4,50,200,16,30,480,12,20,240,39,5,195,33,400,13200,46,3,138,13,2,26,14,10,140,45,20,900,38,15,570,7,25,175,40,10,400
2021-02-14,8,5,40,22,50,1100,27,30,810,32,20,640,9,5,45,36,400,14400,42,3,126,17,2,34,37,10,370,2,20,40,24,15,360,42,25,1050,23,10,230
2021-02-15,46,5,230,2,50,100,8,30,240,32,20,640,35,5,175,45,400,18000,17,3,51,24,2,48,18,10,180,25,20,500,10,15,150,47,25,1175,13,10,130
2021-02-16,16,5,80,10,50,500,46,30,1380,28,20,560,13,5,65,23,400,9200,9,3,27,8,2,16,24,10,240,13,20,260,8,15,120,38,25,950,32,10,320
2021-02-17,14,5,70,5,50,250,25,30,750,13,20,260,15,5,75,45,400,18000,6,3,18,27,2,54,14,10,140,39,20,780,21,15,315,5,25,125,15,10,150
2021-02-18,12,5,60,10,50,500,17,30,510,31,20,620,18,5,90,45,400,18000,43,3,129,45,2,90,34,10,340,28,20,560,6,15,90,23,25,575,36,10,360
2021-02-19,23,5,115,33,50,1650,29,30,870,14,20,280,33,5,165,34,400,13600,25,3,75,23,2,46,12,10,120,42,20,840,21,15,315,28,25,700,49,10,490
2021-02-20,15,5,75,38,50,1900,8,30,240,20,20,400,6,5,30,9,400,3600,39,3,117,46,2,92,22,10,220,6,20,120,39,15,585,34,25,850,5,10,50
2021-02-21,28,5,140,13,50,650,15,30,450,18,20,360,27,5,135,24,400,9600,49,3,147,8,2,16,6,10,60,3,20,60,24,15,360,15,25,375,22,10,220
2021-02-22,34,5,170,31,50,1550,27,30,810,29,20,580,23,5,115,8,400,3200,28,3,84,8,2,16,36,10,360,35,20,700,33,15,495,32,25,800,16,10,160
2021-02-23,2,5,10,47,50,2350,46,30,1380,6,20,120,27,5,135,7,400,2800,33,3,99,26,2,52,45,10,450,18,20,360,18,15,270,26,25,650,41,10,410
2021-02-24,32,5,160,36,50,1800,7,30,210,32,20,640,34,5,170,36,400,14400,37,3,111,47,2,94,36,10,360,11,20,220,28,15,420,48,25,1200,10,10,100
2021-02-25,23,5,115,45,50,2250,3,30,90,29,20,580,46,5,230,18,400,7200,9,3,27,13,2,26,22,10,220,20,20,400,32,15,480,31,25,775,24,10,240
2021-02-26,22,5,110,24,50,1200,29,30,870,43,20,860,38,5,190,3,400,1200,18,3,54,39,2,78,14,10,140,5,20,100,12,15,180,19,25,475,18,10,180
2021-02-27,25,5,125,15,50,750,44,30,1320,2,20,40,14,5,70,28,400,11200,21,3,63,37,2,74,16,10,160,19,20,380,48,15,720,9,25,225,49,10,490
2021-02-28,22,5,110,29,50,1450,24,30,720,23,20,460,36,5,180,6,400,2400,2,3,6,49,2,98,36,10,360,22,20,440,42,15,630,29,25,725,18,10,180
2021-03-01,22,5,110,8,50,400,3,30,90,19,20,380,8,5,40,44,400,17600,43,3,129,28,2,56,25,10,250,19,20,380,27,15,405,39,25,975,7,10,70
2021-03-02,49,5,245,5,50,250,20,30,600,31,20,620,35,5,175,44,400,17600,38,3,114,25,2,50,32,10,320,47,20,940,10,15,150,4,25,100,4,10,40
2021-03-03,42,5,210,29,50,1450,46,30,1380,5,20,100,19,5,95,21,400,8400,40,3,120,16,2,32,33,10,330,16,20,320,46,15,690,3,25,75,26,10,260
2021-03-04,6,5,30,47,50,2350,15,30,450,19,20,380,30,5,150,28,400,11200,36,3,108,2,2,4,45,10,450,24,20,480,42,15,630,29,25,725,5,10,50
2021-03-05,15,5,75,4,50,200,25,30,750,34,20,680,14,5,70,40,400,16000,43,3,129,18,2,36,36,10,360,41,20,820,32,15,480,11,25,275,16,10,160
2021-03-06,43,5,215,12,50,600,30,30,900,10,20,200,20,5,100,1,400,400,37,3,111,17,2,34,20,10,200,4,20,80,42,15,630,33,25,825,35,10,350
2021-03-07,37,5,185,45,50,2250,14,30,420,25,20,500,49,5,245,36,400,14400,15,3,45,30,2,60,18,10,180,15,20,300,26,15,390,38,25,950,26,10,260
2021-03-08,33,5,165,2,50,100,7,30,210,2,20,40,25,5,125,21,400,8400,28,3,84,39,2,78,38,10,380,25,20,500,25,15,375,11,25,275,18,10,180
2021-03-09,8,5,40,27,50,1350,17,30,510,11,20,220,40,5,200,43,400,17200,18,3,54,13,2,26,3,10,30,44,20,880,11,15,165,27,25,675,29,10,290
2021-03-10,44,5,220,31,50,1550,44,30,1320,31,20,620,24,5,120,35,400,14000,34,3,102,32,2,64,23,10,230,35,20,700,23,15,345,33,25,825,23,10,230
2021-03-11,44,5,220,36,50,1800,20,30,600,15,20,300,14,5,70,13,400,5200,22,3,66,29,2,58,32,10,320,14,20,280,34,15,510,21,25,525,14,10,140
2021-03-12,5,5,25,36,50,1800,36,30,1080,9,20,180,26,5,130,49,400,19600,11,3,33,46,2,92,45,10,450,49,20,980,40,15,600,39,25,975,15,10,150
2021-03-13,39,5,195,26,50,1300,9,30,270,23,20,460,38,5,190,10,400,4000,13,3,39,30,2,60,16,10,160,19,20,380,23,15,345,31,25,775,49,10,490
2021-03-14,4,5,20,43,50,2150,38,30,1140,19,20,380,23,5,115,44,400,17600,4,3,12,18,2,36,5,10,50,38,20,760,29,15,435,38,25,950,33,10,330
2021-03-15,6,5,30,27,50,1350,48,30,1440,9,20,180,22,5,110,47,400,18800,22,3,66,13,2,26,4,10,40,36,20,720,31,15,465,46,25,1150,25,10,250
2021-03-16,45,5,225,5,50,250,22,30,660,35,20,700,48,5,240,10,400,4000,7,3,21,43,2,86,21,10,210,7,20,140,7,15,105,2,25,50,21,10,210
2021-03-17,32,5,160,20,50,1000,2,30,60,21,20,420,19,5,95,46,400,18400,43,3,129,21,2,42,40,10,400,30,20,600,40,15,600,27,25,675,17,10,170
2021-03-18,30,5,150,11,50,550,24,30,720,9,20,180,46,5,230,13,400,5200,24,3,72,30,2,60,14,10,140,19,20,380,33,15,495,36,25,900,23,10,230
2021-03-19,47,5,235,10,50,500,8,30,240,28,20,560,3,5,15,37,400,14800,4,3,12,21,2,42,39,10,390,49,20,980,21,15,315,11,25,275,43,10,430
2021-03-20,35,5,175,40,50,2000,11,30,330,46,20,920,42,5,210,38,400,15200,28,3,84,48,2,96,31,10,310,25,20,500,2,15,30,47,25,1175,17,10,170
2021-03-21,40,5,200,38,50,1900,13,30,390,7,20,140,19,5,95,24,400,9600,15,3,45,17,2,34,14,10,140,16,20,320,18,15,270,18,25,450,14,10,140
2021-03-22,16,5,80,6,50,300,17,30,510,16,20,320,9,5,45,2,400,800,1,3,3,40,2,80,6,10,60,47,20,940,47,15,705,1,25,25,29,10,290
2021-03-23,13,5,65,8,50,400,8,30,240,16,20,320,28,5,140,22,400,8800,3,3,9,19,2,38,12,10,120,40,20,800,33,15,495,35,25,875,20,10,200
2021-03-24,42,5,210,23,50,1150,21,30,630,33,20,660,20,5,100,17,400,6800,14,3,42,15,2,30,16,10,160,8,20,160,37,15,555,35,25,875,30,10,300
2021-03-25,30,5,150,47,50,2350,18,30,540,4,20,80,45,5,225,36,400,14400,38,3,114,9,2,18,17,10,170,18,20,360,34,15,510,31,25,775,19,10,190
2021-03-26,19,5,95,26,50,1300,30,30,900,4,20,80,7,5,35,14,400,5600,1,3,3,10,2,20,45,10,450,28,20,560,20,15,300,28,25,700,39,10,390
2021-03-27,17,5,85,46,50,2300,18,30,540,39,20,780,14,5,70,10,400,4000,38,3,114,44,2,88,23,10,230,16,20,320,35,15,525,39,25,975,13,10,130
2021-03-28,19,5,95,43,50,2150,46,30,1380,40,20,800,9,5,45,35,400,14000,38,3,114,31,2,62,14,10,140,19,20,380,18,15,270,1,25,25,18,10,180
2021-03-29,28,5,140,12,50,600,47,30,1410,17,20,340,19,5,95,25,400,10000,21,3,63,23,2,46,7,10,70,42,20,840,46,15,690,25,25,625,23,10,230
2021-03-30,26,5,130,26,50,1300,31,30,930,37,20,740,47,5,235,3,400,1200,48,3,144,30,2,60,46,10,460,17,20,340,24,15,360,43,25,1075,46,10,460
2021-03-31,37,5,185,13,50,650,38,30,1140,39,20,780,14,5,70,47,400,18800,29,3,87,33,2,66,32,10,320,45,20,900,8,15,120,38,25,950,33,10,330
2021-04-01,26,5,130,40,50,2000,32,30,960,29,20,580,38,5,190,38,400,15200,5,3,15,9,2,18,15,10,150,13,20,260,30,15,450,20,25,500,39,10,390
2021-04-02,23,5,115,18,50,900,11,30,330,36,20,720,36,5,180,17,400,6800,49,3,147,47,2,94,44,10,440,7,20,140,44,15,660,3,25,75,40,10,400
2021-04-03,9,5,45,25,50,1250,45,30,1350,38,20,760,40,5,200,12,400,4800,10,3,30,1,2,2,17,10,170,27,20,540,10,15,150,2,25,50,18,10,180
2021-04-04,12,5,60,33,50,1650,25,30,750,39,20,780,17,5,85,24,400,9600,28,3,84,44,2,88,41,10,410,10,20,200,23,15,345,18,25,450,9,10,90
2021-04-05,1,5,5,47,50,2350,33,30,990,37,20,740,30,5,150,29,400,11600,21,3,63,35,2,70,47,10,470,34,20,680,49,15,735,44,25,1100,33,10,330
2021-04-06,1,5,5,40,50,2000,38,30,1140,35,20,700,9,5,45,43,400,17200,7,3,21,11,2,22,44,10,440,36,20,720,11,15,165,10,25,250,32,10,320
2021-04-07,47,5,235,43,50,2150,41,30,1230,7,20,140,33,5,165,25,400,10000,3,3,9,34,2,68,34,10,340,25,20,500,2,15,30,5,25,125,17,10,170
2021-04-08,34,5,170,12,50,600,8,30,240,27,20,540,25,5,125,36,400,14400,45,3,135,16,2,32,5,10,50,6,20,120,26,15,390,9,25,225,19,10,190
2021-04-09,32,5,160,44,50,2200,11,30,330,28,20,560,14,5,70,26,400,10400,47,3,141,9,2,18,45,10,450,24,20,480,36,15,540,2,25,50,27,10,270
2021-04-10,48,5,240,36,50,1800,22,30,660,22,20,440,11,5,55,38,400,15200,20,3,60,32,2,64,27,10,270,18,20,360,33,15,495,34,25,850,6,10,60
2021-04-11,25,5,125,48,50,2400,24,30,720,14,20,280,35,5,175,1,400,400,19,3,57,15,2,30,23,10,230,23,20,460,47,15,705,38,25,950,35,10,350
2021-04-12,40,5,200,4,50,200,41,30,1230,7,20,140,41,5,205,20,400,8000,35,3,105,12,2,24,40,10,400,6,20,120,13,15,195,31,25,775,37,10,370
2021-04-13,45,5,225,5,50,250,17,30,510,37,20,740,14,5,70,28,400,11200,4,3,12,33,2,66,14,10,140,29,20,580,40,15,600,10,25,250,34,10,340
2021-04-14,1,5,5,37,50,1850,12,30,360,22,20,440,30,5,150,16,400,6400,5,3,15,45,2,90,15,10,150,25,20,500,25,15,375,12,25,300,20,10,200
2021-04-15,16,5,80,8,50,400,46,30,1380,5,20,100,41,5,205,47,400,18800,1,3,3,14,2,28,43,10,430,17,20,340,4,15,60,36,25,900,25,10,250
2021-04-16,39,5,195,42,50,2100,32,30,960,2,20,40,4,5,20,17,400,6800,4,3,12,8,2,16,33,10,330,46,20,920,42,15,630,21,25,525,4,10,40
2021-04-17,5,5,25,49,50,2450,15,30,450,27,20,540,4,5,20,40,400,16000,12,3,36,8,2,16,31,10,310,24,20,480,19,15,285,49,25,1225,10,10,100
2021-04-18,22,5,110,28,50,1400,16,30,480,21,20,420,28,5,140,28,400,11200,27,3,81,27,2,54,35,10,350,11,20,220,18,15,270,47,25,1175,10,10,100
2021-04-19,29,5,145,31,50,1550,22,30,660,38,20,760,8,5,40,12,400,4800,42,3,126,12,2,24,17,10,170,26,20,520,37,15,555,6,25,150,24,10,240
2021-04-20,3,5,15,9,50,450,28,30,840,15,20,300,2,5,10,27,400,10800,23,3,69,1,2,2,28,10,280,34,20,680,30,15,450,48,25,1200,21,10,210
2021-04-21,12,5,60,29,50,1450,20,30,600,21,20,420,41,5,205,42,400,16800,25,3,75,43,2,86,19,10,190,28,20,560,19,15,285,49,25,1225,11,10,110
2021-04-22,26,5,130,14,50,700,33,30,990,10,20,200,46,5,230,47,400,18800,21,3,63,40,2,80,46,10,460,3,20,60,23,15,345,3,25,75,27,10,270
2021-04-23,16,5,80,40,50,2000,10,30,300,23,20,460,22,5,110,30,400,12000,24,3,72,42,2,84,23,10,230,11,20,220,16,15,240,10,25,250,16,10,160
2021-04-24,37,5,185,41,50,2050,40,30,1200,39,20,780,41,5,205,41,400,16400,25,3,75,11,2,22,32,10,320,38,20,760,1,15,15,5,25,125,26,10,260
2021-04-25,22,5,110,22,50,1100,32,30,960,5,20,100,16,5,80,34,400,13600,45,3,135,39,2,78,40,10,400,14,20,280,12,15,180,46,25,1150,30,10,300
2021-04-26,29,5,145,11,50,550,33,30,990,1,20,20,29,5,145,37,400,14800,46,3,138,43,2,86,13,10,130,26,20,520,24,15,360,26,25,650,49,10,490
2021-04-27,14,5,70,23,50,1150,2,30,60,13,20,260,49,5,245,6,400,2400,32,3,96,31,2,62,20,10,200,48,20,960,34,15,510,21,25,525,16,10,160
2021-04-28,28,5,140,1,50,50,33,30,990,21,20,420,48,5,240,7,400,2800,32,3,96,17,2,34,35,10,350,21,20,420,8,15,120,45,25,1125,7,10,70
2021-04-29,5,5,25,46,50,2300,33,30,990,26,20,520,30,5,150,32,400,12800,5,3,15,33,2,66,5,10,50,39,20,780,18,15,270,26,25,650,16,10,160
2021-04-30,47,5,235,37,50,1850,41,30,1230,45,20,900,12,5,60,32,400,12800,36,3,108,32,2,64,9,10,90,30,20,600,48,15,720,38,25,950,35,10,350
2021-05-01,49,5,245,21,50,1050,13,30,390,21,20,420,35,5,175,25,400,10000,46,3,138,29,2,58,29,10,290,8,20,160,5,15,75,44,25,1100,16,10,160
2021-05-02,30,5,150,26,50,1300,30,30,900,18,20,360,11,5,55,33,400,13200,42,3,126,21,2,42,6,10,60,20,20,400,26,15,390,26,25,650,40,10,400
2021-05-03,46,5,230,46,50,2300,33,30,990,37,20,740,46,5,230,7,400,2800,49,3,147,21,2,42,25,10,250,48,20,960,30,15,450,8,25,200,12,10,120
2021-05-04,5,5,25,36,50,1800,13,30,390,45,20,900,21,5,105,12,400,4800,42,3,126,40,2,80,31,10,310,32,20,640,13,15,195,5,25,125,35,10,350
2021-05-05,12,5,60,23,50,1150,26,30,780,32,20,640,21,5,105,16,400,6400,39,3,117,23,2,46,22,10,220,22,20,440,19,15,285,15,25,375,49,10,490
2021-05-06,16,5,80,1,50,50,22,30,660,36,20,720,5,5,25,16,400,6400,16,3,48,6,2,12,2,10,20,7,20,140,29,15,435,16,25,400,21,10,210
2021-05-07,26,5,130,40,50,2000,39,30,1170,17,20,340,48,5,240,43,400,17200,33,3,99,22,2,44,45,10,450,9,20,180,3,15,45,1,25,25,43,10,430
2021-05-08,26,5,130,15,50,750,2,30,60,35,20,700,20,5,100,36,400,14400,49,3,147,38,2,76,5,10,50,45,20,900,26,15,390,16,25,400,36,10,360
2021-05-09,48,5,240,21,50,1050,38,30,1140,49,20,980,37,5,185,13,400,5200,21,3,63,37,2,74,27,10,270,1,20,20,40,15,600,37,25,925,48,10,480
2021-05-10,21,5,105,47,50,2350,39,30,1170,11,20,220,3,5,15,7,400,2800,9,3,27,45,2,90,25,10,250,29,20,580,12,15,180,3,25,75,17,10,170
2021-05-11,39,5,195,9,50,450,26,30,780,21,20,420,44,5,220,36,400,14400,6,3,18,8,2,16,8,10,80,8,20,160,2,15,30,47,25,1175,32,10,320
2021-05-12,36,5,180,9,50,450,46,30,1380,26,20,520,33,5,165,47,400,18800,45,3,135,41,2,82,1,10,10,4,20,80,11,15,165,31,25,775,41,10,410
2021-05-13,33,5,165,10,50,500,15,30,450,4,20,80,9,5,45,9,400,3600,35,3,105,49,2,98,20,10,200,35,20,700,44,15,660,13,25,325,6,10,60
2021-05-14,30,5,150,26,50,1300,34,30,1020,34,20,680,9,5,45,32,400,12800,39,3,117,35,2,70,44,10,440,3,20,60,28,15,420,16,25,400,24,10,240
2021-05-15,37,5,185,41,50,2050,42,30,1260,48,20,960,4,5,20,11,400,4400,22,3,66,11,2,22,23,10,230,45,20,900,18,15,270,43,25,1075,27,10,270
2021-05-16,23,5,115,35,50,1750,44,30,1320,18,20,360,35,5,175,8,400,3200,41,3,123,24,2,48,32,10,320,40,20,800,13,15,195,21,25,525,20,10,200
2021-05-17,10,5,50,25,50,1250,49,30,1470,40,20,800,17,5,85,33,400,13200,5,3,15,49,2,98,11,10,110,7,20,140,37,15,555,2,25,50,25,10,250
2021-05-18,5,5,25,26,50,1300,40,30,1200,35,20,700,34,5,170,23,400,9200,42,3,126,21,2,42,39,10,390,27,20,540,22,15,330,27,25,675,2,10,20
2021-05-19,36,5,180,11,50,550,11,30,330,41,20,820,24,5,120,25,400,10000,23,3,69,2,2,4,47,10,470,1,20,20,12,15,180,38,25,950,9,10,90
2021-05-20,34,5,170,38,50,1900,3,30,90,29,20,580,32,5,160,8,400,3200,17,3,51,40,2,80,24,10,240,27,20,540,2,15,30,26,25,650,28,10,280
2021-05-21,31,5,155,2,50,100,6,30,180,29,20,580,1,5,5,45,400,18000,12,3,36,19,2,38,11,10,110,16,20,320,37,15,555,38,25,950,38,10,380
2021-05-22,10,5,50,7,50,350,9,30,270,38,20,760,8,5,40,22,400,8800,23,3,69,39,2,78,29,10,290,38,20,760,7,15,105,46,25,1150,3,10,30
2021-05-23,19,5,95,18,50,900,6,30,180,42,20,840,45,5,225,4,400,1600,16,3,48,28,2,56,26,10,260,7,20,140,26,15,390,25,25,625,20,10,200
2021-05-24,32,5,160,27,50,1350,9,30,270,21,20,420,23,5,115,40,400,16000,3,3,9,17,2,34,16,10,160,44,20,880,26,15,390,11,25,275,6,10,60
2021-05-25,1,5,5,34,50,1700,39,30,1170,42,20,840,47,5,235,3,400,1200,30,3,90,6,2,12,35,10,350,23,20,460,24,15,360,8,25,200,39,10,390
2021-05-26,5,5,25,27,50,1350,31,30,930,13,20,260,40,5,200,29,400,11600,22,3,66,19,2,38,20,10,200,41,20,820,12,15,180,8,25,200,33,10,330
2021-05-27,45,5,225,17,50,850,32,30,960,49,20,980,12,5,60,41,400,16400,9,3,27,38,2,76,46,10,460,11,20,220,16,15,240,33,25,825,1,10,10
2021-05-28,4,5,20,43,50,2150,41,30,1230,41,20,820,12,5,60,29,400,11600,29,3,87,28,2,56,3,10,30,42,20,840,23,15,345,7,25,175,37,10,370
2021-05-29,16,5,80,44,50,2200,12,30,360,17,20,340,46,5,230,34,400,13600,47,3,141,2,2,4,1,10,10,33,20,660,40,15,600,38,25,950,6,10,60
2021-05-30,24,5,120,24,50,1200,8,30,240,9,20,180,47,5,235,34,400,13600,37,3,111,38,2,76,47,10,470,36,20,720,9,15,135,21,25,525,45,10,450
2021-05-31,16,5,80,25,50,1250,8,30,240,41,20,820,15,5,75,28,400,11200,23,3,69,37,2,74,1,10,10,37,20,740,32,15,480,8,25,200,34,10,340
2021-06-01,2,5,10,7,50,350,28,30,840,1,20,20,41,5,205,13,400,5200,13,3,39,4,2,8,17,10,170,41,20,820,15,15,225,21,25,525,47,10,470
2021-06-02,49,5,245,6,50,300,20,30,600,2,20,40,19,5,95,15,400,6000,32,3,96,22,2,44,2,10,20,17,20,340,37,15,555,20,25,500,15,10,150
2021-06-03,28,5,140,24,50,1200,47,30,1410,48,20,960,26,5,130,23,400,9200,46,3,138,26,2,52,29,10,290,35,20,700,13,15,195,8,25,200,45,10,450
2021-06-04,32,5,160,33,50,1650,7,30,210,29,20,580,29,5,145,44,400,17600,47,3,141,49,2,98,20,10,200,48,20,960,5,15,75,46,25,1150,26,10,260
2021-06-05,27,5,135,49,50,2450,11,30,330,33,20,660,22,5,110,26,400,10400,48,3,144,43,2,86,6,10,60,5,20,100,11,15,165,31,25,775,14,10,140
2021-06-06,20,5,100,29,50,1450,20,30,600,10,20,200,40,5,200,4,400,1600,23,3,69,36,2,72,8,10,80,48,20,960,10,15,150,29,25,725,7,10,70
2021-06-07,24,5,120,43,50,2150,16,30,480,40,20,800,21,5,105,26,400,10400,45,3,135,13,2,26,29,10,290,32,20,640,13,15,195,48,25,1200,46,10,460
2021-06-08,12,5,60,22,50,1100,4,30,120,21,20,420,38,5,190,40,400,16000,17,3,51,32,2,64,48,10,480,3,20,60,41,15,615,9,25,225,31,10,310
2021-06-09,35,5,175,26,50,1300,6,30,180,28,20,560,20,5,100,9,400,3600,40,3,120,17,2,34,33,10,330,47,20,940,46,15,690,15,25,375,24,10,240
2021-06-10,33,5,165,28,50,1400,22,30,660,11,20,220,29,5,145,5,400,2000,21,3,63,41,2,82,3,10,30,35,20,700,15,15,225,30,25,750,31,10,310
2021-06-11,33,5,165,21,50,1050,26,30,780,34,20,680,4,5,20,32,400,12800,2,3,6,36,2,72,35,10,350,14,20,280,42,15,630,26,25,650,29,10,290
2021-06-12,43,5,215,49,50,2450,3,30,90,8,20,160,7,5,35,20,400,8000,37,3,111,46,2,92,5,10,50,48,20,960,7,15,105,10,25,250,42,10,420
2021-06-13,37,5,185,7,50,350,41,30,1230,22,20,440,28,5,140,11,400,4400,6,3,18,19,2,38,27,10,270,31,20,620,40,15,600,29,25,725,32,10,320
2021-06-14,12,5,60,17,50,850,42,30,1260,8,20,160,28,5,140,15,400,6000,44,3,132,35,2,70,44,10,440,31,20,620,28,15,420,16,25,400,17,10,170
2021-06-15,3,5,15,20,50,1000,14,30,420,49,20,980,4,5,20,32,400,12800,18,3,54,46,2,92,12,10,120,17,20,340,32,15,480,36,25,900,14,10,140
2021-06-16,1,5,5,41,50,2050,11,30,330,15,20,300,22,5,110,28,400,11200,30,3,90,40,2,80,20,10,200,24,20,480,35,15,525,20,25,500,40,10,400
2021-06-17,33,5,165,49,50,2450,18,30,540,17,20,340,12,5,60,22,400,8800,22,3,66,28,2,56,45,10,450,23,20,460,15,15,225,45,25,1125,36,10,360
2021-06-18,40,5,200,20,50,1000,12,30,360,23,20,460,45,5,225,41,400,16400,33,3,99,1,2,2,20,10,200,18,20,360,48,15,720,37,25,925,48,10,480
2021-06-19,10,5,50,22,50,1100,23,30,690,24,20,480,3,5,15,17,400,6800,30,3,90,42,2,84,9,10,90,14,20,280,36,15,540,22,25,550,24,10,240
2021-06-20,43,5,215,28,50,1400,12,30,360,45,20,900,22,5,110,26,400,10400,17,3,51,18,2,36,39,10,390,15,20,300,21,15,315,7,25,175,45,10,450
2021-06-21,44,5,220,40,50,2000,13,30,390,19,20,380,44,5,220,44,400,17600,43,3,129,48,2,96,4,10,40,15,20,300,6,15,90,23,25,575,27,10,270
2021-06-22,29,5,145,49,50,2450,25,30,750,5,20,100,2,5,10,7,400,2800,32,3,96,40,2,80,19,10,190,6,20,120,1,15,15,41,25,1025,25,10,250
2021-06-23,13,5,65,7,50,350,45,30,1350,32,20,640,24,5,120,42,400,16800,42,3,126,33,2,66,38,10,380,27,20,540,4,15,60,40,25,1000,32,10,320
2021-06-24,12,5,60,1,50,50,19,30,570,44,20,880,34,5,170,26,400,10400,14,3,42,12,2,24,27,10,270,15,20,300,11,15,165,29,25,725,18,10,180
2021-06-25,31,5,155,32,50,1600,46,30,1380,1,20,20,27,5,135,25,400,10000,10,3,30,8,2,16,45,10,450,36,20,720,44,15,660,16,25,400,46,10,460
2021-06-26,46,5,230,13,50,650,36,30,1080,23,20,460,41,5,205,10,400,4000,47,3,141,24,2,48,43,10,430,8,20,160,26,15,390,38,25,950,18,10,180
2021-06-27,2,5,10,30,50,1500,45,30,1350,37,20,740,1,5,5,45,400,18000,36,3,108,16,2,32,13,10,130,15,20,300,37,15,555,28,25,700,37,10,370
2021-06-28,35,5,175,23,50,1150,8,30,240,8,20,160,8,5,40,19,400,7600,34,3,102,4,2,8,13,10,130,3,20,60,23,15,345,48,25,1200,26,10,260
2021-06-29,23,5,115,19,50,950,29,30,870,13,20,260,23,5,115,11,400,4400,9,3,27,38,2,76,22,10,220,47,20,940,29,15,435,38,25,950,9,10,90
2021-06-30,17,5,85,32,50,1600,32,30,960,8,20,160,38,5,190,13,400,5200,42,3,126,44,2,88,28,10,280,13,20,260,21,15,315,31,25,775,35,10,350
2021-07-01,26,5,130,30,50,1500,44,30,1320,23,20,460,6,5,30,8,400,3200,28,3,84,27,2,54,47,10,470,41,20,820,48,15,720,14,25,350,8,10,80
2021-07-02,8,5,40,29,50,1450,18,30,540,43,20,860,22,5,110,40,400,16000,11,3,33,9,2,18,45,10,450,34,20,680,45,15,675,33,25,825,20,10,200
2021-07-03,29,5,145,49,50,2450,6,30,180,1,20,20,25,5,125,4,400,1600,14,3,42,47,2,94,22,10,220,24,20,480,45,15,675,9,25,225,42,10,420
2021-07-04,26,5,130,45,50,2250,18,30,540,45,20,900,18,5,90,47,400,18800,39,3,117,16,2,32,43,10,430,40,20,800,49,15,735,27,25,675,22,10,220
2021-07-05,10,5,50,29,50,1450,19,30,570,24,20,480,17,5,85,31,400,12400,47,3,141,12,2,24,19,10,190,32,20,640,27,15,405,24,25,600,19,10,190
2021-07-06,26,5,130,30,50,1500,22,30,660,35,20,700,12,5,60,28,400,11200,19,3,57,31,2,62,8,10,80,32,20,640,39,15,585,13,25,325,30,10,300
2021-07-07,34,5,170,16,50,800,37,30,1110,24,20,480,6,5,30,11,400,4400,15,3,45,24,2,48,8,10,80,30,20,600,40,15,600,26,25,650,28,10,280
2021-07-08,41,5,205,40,50,2000,32,30,960,17,20,340,26,5,130,43,400,17200,28,3,84,14,2,28,42,10,420,49,20,980,13,15,195,29,25,725,35,10,350
2021-07-09,7,5,35,19,50,950,41,30,1230,5,20,100,27,5,135,1,400,400,24,3,72,45,2,90,26,10,260,13,20,260,23,15,345,49,25,1225,43,10,430
2021-07-10,4,5,20,18,50,900,3,30,90,20,20,400,8,5,40,49,400,19600,8,3,24,25,2,50,48,10,480,1,20,20,16,15,240,43,25,1075,11,10,110
2021-07-11,45,5,225,1,50,50,28,30,840,21,20,420,19,5,95,47,400,18800,43,3,129,34,2,68,26,10,260,34,20,680,30,15,450,28,25,700,31,10,310
2021-07-12,11,5,55,14,50,700,10,30,300,40,20,800,42,5,210,38,400,15200,9,3,27,3,2,6,23,10,230,15,20,300,4,15,60,28,25,700,49,10,490
2021-07-13,29,5,145,47,50,2350,35,30,1050,31,20,620,1,5,5,24,400,9600,47,3,141,24,2,48,43,10,430,44,20,880,40,15,600,8,25,200,48,10,480
2021-07-14,36,5,180,2,50,100,29,30,870,46,20,920,29,5,145,47,400,18800,33,3,99,42,2,84,13,10,130,14,20,280,16,15,240,23,25,575,39,10,390
2021-07-15,25,5,125,28,50,1400,15,30,450,36,20,720,45,5,225,31,400,12400,33,3,99,9,2,18,28,10,280,29,20,580,31,15,465,29,25,725,36,10,360
2021-07-16,21,5,105,49,50,2450,33,30,990,11,20,220,49,5,245,41,400,16400,19,3,57,26,2,52,9,10,90,34,20,680,42,15,630,5,25,125,30,10,300
2021-07-17,36,5,180,30,50,1500,7,30,210,15,20,300,35,5,175,46,400,18400,3,3,9,20,2,40,20,10,200,18,20,360,25,15,375,42,25,1050,23,10,230
2021-07-18,10,5,50,38,50,1900,12,30,360,19,20,380,40,5,200,26,400,10400,10,3,30,40,2,80,19,10,190,7,20,140,44,15,660,7,25,175,19,10,190
2021-07-19,37,5,185,4,50,200,49,30,1470,7,20,140,14,5,70,49,400,19600,40,3,120,10,2,20,48,10,480,29,20,580,12,15,180,42,25,1050,12,10,120
2021-07-20,9,5,45,1,50,50,30,30,900,28,20,560,35,5,175,5,400,2000,47,3,141,19,2,38,39,10,390,31,20,620,26,15,390,36,25,900,15,10,150
2021-07-21,24,5,120,8,50,400,21,30,630,43,20,860,48,5,240,20,400,8000,42,3,126,3,2,6,12,10,120,25,20,500,37,15,555,41,25,1025,31,10,310
2021-07-22,35,5,175,29,50,1450,31,30,930,5,20,100,45,5,225,41,400,16400,1,3,3,24,2,48,15,10,150,38,20,760,48,15,720,27,25,675,43,10,430
2021-07-23,49,5,245,39,50,1950,24,30,720,5,20,100,20,5,100,11,400,4400,29,3,87,5,2,10,31,10,310,14,20,280,33,15,495,46,25,1150,37,10,370
2021-07-24,35,5,175,3,50,150,20,30,600,30,20,600,49,5,245,33,400,13200,34,3,102,3,2,6,14,10,140,8,20,160,28,15,420,2,25,50,37,10,370
2021-07-25,48,5,240,32,50,1600,37,30,1110,32,20,640,13,5,65,38,400,15200,13,3,39,27,2,54,11,10,110,27,20,540,9,15,135,25,25,625,15,10,150
2021-07-26,36,5,180,10,50,500,4,30,120,8,20,160,38,5,190,27,400,10800,1,3,3,16,2,32,26,10,260,2,20,40,12,15,180,9,25,225,29,10,290
2021-07-27,18,5,90,10,50,500,28,30,840,10,20,200,49,5,245,34,400,13600,34,3,102,49,2,98,42,10,420,17,20,340,5,15,75,27,25,675,43,10,430
2021-07-28,49,5,245,19,50,950,44,30,1320,38,20,760,46,5,230,15,400,6000,29,3,87,15,2,30,27,10,270,37,20,740,28,15,420,1,25,25,26,10,260
2021-07-29,39,5,195,46,50,2300,20,30,600,47,20,940,49,5,245,32,400,12800,48,3,144,35,2,70,11,10,110,14,20,280,35,15,525,23,25,575,44,10,440
2021-07-30,32,5,160,34,50,1700,24,30,720,32,20,640,8,5,40,21,400,8400,47,3,141,12,2,24,38,10,380,25,20,500,5,15,75,10,25,250,2,10,20
2021-07-31,24,5,120,33,50,1650,49,30,1470,48,20,960,43,5,215,46,400,18400,13,3,39,41,2,82,34,10,340,30,20,600,34,15,510,42,25,1050,20,10,200
2021-08-01,23,5,115,23,50,1150,32,30,960,28,20,560,20,5,100,5,400,2000,48,3,144,44,2,88,43,10,430,29,20,580,46,15,690,25,25,625,15,10,150
2021-08-02,32,5,160,28,50,1400,41,30,1230,17,20,340,33,5,165,6,400,2400,49,3,147,26,2,52,19,10,190,20,20,400,34,15,510,3,25,75,4,10,40
2021-08-03,37,5,185,32,50,1600,36,30,1080,31,20,620,26,5,130,38,400,15200,29,3,87,47,2,94,6,10,60,21,20,420,13,15,195,6,25,150,22,10,220
2021-08-04,12,5,60,7,50,350,34,30,1020,8,20,160,39,5,195,22,400,8800,39,3,117,34,2,68,46,10,460,22,20,440,39,15,585,6,25,150,38,10,380
2021-08-05,49,5,245,29,50,1450,36,30,1080,40,20,800,21,5,105,18,400,7200,24,3,72,23,2,46,38,10,380,35,20,700,42,15,630,2,25,50,23,10,230
2021-08-06,13,5,65,8,50,400,2,30,60,25,20,500,49,5,245,14,400,5600,26,3,78,31,2,62,49,10,490,37,20,740,45,15,675,18,25,450,26,10,260
2021-08-07,23,5,115,1,50,50,15,30,450,9,20,180,42,5,210,10,400,4000,17,3,51,20,2,40,42,10,420,16,20,320,48,15,720,23,25,575,11,10,110
2021-08-08,25,5,125,3,50,150,34,30,1020,2,20,40,43,5,215,46,400,18400,7,3,21,12,2,24,28,10,280,49,20,980,14,15,210,2,25,50,28,10,280
2021-08-09,35,5,175,24,50,1200,36,30,1080,15,20,300,41,5,205,13,400,5200,13,3,39,23,2,46,1,10,10,43,20,860,11,15,165,12,25,300,2,10,20
2021-08-10,41,5,205,23,50,1150,6,30,180,3,20,60,9,5,45,31,400,12400,5,3,15,4,2,8,35,10,350,17,20,340,42,15,630,22,25,550,8,10,80
2021-08-11,30,5,150,8,50,400,39,30,1170,49,20,980,24,5,120,30,400,12000,26,3,78,23,2,46,40,10,400,16,20,320,38,15,570,37,25,925,29,10,290
2021-08-12,17,5,85,47,50,2350,42,30,1260,36,20,720,37,5,185,3,400,1200,49,3,147,48,2,96,8,10,80,2,20,40,4,15,60,20,25,500,11,10,110
2021-08-13,49,5,245,37,50,1850,12,30,360,4,20,80,49,5,245,30,400,12000,3,3,9,48,2,96,47,10,470,4,20,80,33,15,495,39,25,975,37,10,370
2021-08-14,20,5,100,3,50,150,3,30,90,14,20,280,41,5,205,6,400,2400,7,3,21,1,2,2,7,10,70,21,20,420,7,15,105,24,25,600,18,10,180
2021-08-15,48,5,240,33,50,1650,45,30,1350,41,20,820,17,5,85,29,400,11600,49,3,147,25,2,50,11,10,110,39,20,780,41,15,615,48,25,1200,14,10,140
2021-08-16,25,5,125,28,50,1400,18,30,540,41,20,820,24,5,120,8,400,3200,39,3,117,2,2,4,39,10,390,34,20,680,8,15,120,20,25,500,10,10,100
2021-08-17,22,5,110,47,50,2350,40,30,1200,25,20,500,21,5,105,44,400,17600,1,3,3,30,2,60,4,10,40,30,20,600,37,15,555,1,25,25,35,10,350
2021-08-18,13,5,65,8,50,400,21,30,630,10,20,200,39,5,195,45,400,18000,49,3,147,3,2,6,25,10,250,6,20,120,10,15,150,1,25,25,9,10,90
2021-08-19,19,5,95,34,50,1700,15,30,450,21,20,420,41,5,205,43,400,17200,17,3,51,21,2,42,12,10,120,17,20,340,43,15,645,17,25,425,35,10,350
2021-08-20,49,5,245,35,50,1750,33,30,990,36,20,720,39,5,195,44,400,17600,43,3,129,25,2,50,26,10,260,39,20,780,15,15,225,1,25,25,11,10,110
2021-08-21,36,5,180,32,50,1600,35,30,1050,12,20,240,13,5,65,33,400,13200,25,3,75,20,2,40,38,10,380,25,20,500,38,15,570,45,25,1125,44,10,440
2021-08-22,12,5,60,24,50,1200,26,30,780,27,20,540,11,5,55,17,400,6800,3,3,9,49,2,98,46,10,460,5,20,100,15,15,225,30,25,750,12,10,120
2021-08-23,41,5,205,14,50,700,8,30,240,40,20,800,46,5,230,48,400,19200,15,3,45,22,2,44,12,10,120,5,20,100,5,15,75,41,25,1025,3,10,30
2021-08-24,19,5,95,32,50,1600,36,30,1080,2,20,40,19,5,95,11,400,4400,29,3,87,21,2,42,43,10,430,20,20,400,29,15,435,47,25,1175,39,10,390
2021-08-25,12,5,60,46,50,2300,48,30,1440,13,20,260,11,5,55,13,400,5200,43,3,129,33,2,66,37,10,370,16,20,320,19,15,285,3,25,75,14,10,140
2021-08-26,9,5,45,43,50,2150,30,30,900,32,20,640,13,5,65,11,400,4400,32,3,96,38,2,76,46,10,460,41,20,820,10,15,150,46,25,1150,28,10,280
2021-08-27,7,5,35,16,50,800,23,30,690,31,20,620,46,5,230,31,400,12400,26,3,78,15,2,30,24,10,240,37,20,740,12,15,180,11,25,275,11,10,110
2021-08-28,28,5,140,4,50,200,42,30,1260,16,20,320,45,5,225,28,400,11200,16,3,48,46,2,92,16,10,160,40,20,800,4,15,60,24,25,600,39,10,390
2021-08-29,14,5,70,37,50,1850,44,30,1320,32,20,640,1,5,5,44,400,17600,25,3,75,15,2,30,13,10,130,9,20,180,31,15,465,22,25,550,25,10,250
2021-08-30,31,5,155,21,50,1050,14,30,420,32,20,640,40,5,200,6,400,2400,28,3,84,46,2,92,25,10,250,5,20,100,18,15,270,44,25,1100,21,10,210
2021-08-31,19,5,95,14,50,700,14,30,420,34,20,680,44,5,220,41,400,16400,9,3,27,25,2,50,4,10,40,42,20,840,16,15,240,45,25,1125,10,10,100
2021-09-01,47,5,235,31,50,1550,2,30,60,11,20,220,19,5,95,16,400,6400,1,3,3,21,2,42,11,10,110,2,20,40,40,15,600,26,25,650,43,10,430
2021-09-02,16,5,80,48,50,2400,37,30,1110,10,20,200,12,5,60,4,400,1600,29,3,87,24,2,48,32,10,320,9,20,180,36,15,540,13,25,325,15,10,150
2021-09-03,5,5,25,18,50,900,5,30,150,15,20,300,8,5,40,35,400,14000,22,3,66,5,2,10,49,10,490,43,20,860,25,15,375,1,25,25,19,10,190
2021-09-04,35,5,175,7,50,350,38,30,1140,17,20,340,8,5,40,48,400,19200,16,3,48,6,2,12,7,10,70,36,20,720,23,15,345,24,25,600,48,10,480
2021-09-05,12,5,60,10,50,500,45,30,1350,40,20,800,45,5,225,26,400,10400,41,3,123,49,2,98,46,10,460,22,20,440,12,15,180,10,25,250,22,10,220
2021-09-06,25,5,125,7,50,350,41,30,1230,18,20,360,12,5,60,12,400,4800,44,3,132,43,2,86,11,10,110,22,20,440,34,15,510,35,25,875,21,10,210
2021-09-07,21,5,105,33,50,1650,47,30,1410,9,20,180,48,5,240,11,400,4400,41,3,123,48,2,96,28,10,280,22,20,440,36,15,540,24,25,600,44,10,440
2021-09-08,36,5,180,23,50,1150,14,30,420,25,20,500,33,5,165,37,400,14800,7,3,21,44,2,88,41,10,410,34,20,680,37,15,555,28,25,700,32,10,320
2021-09-09,23,5,115,21,50,1050,39,30,1170,40,20,800,45,5,225,25,400,10000,14,3,42,47,2,94,23,10,230,29,20,580,3,15,45,36,25,900,23,10,230
2021-09-10,16,5,80,19,50,950,25,30,750,14,20,280,26,5,130,18,400,7200,29,3,87,23,2,46,45,10,450,38,20,760,9,15,135,16,25,400,13,10,130
2021-09-11,39,5,195,48,50,2400,20,30,600,25,20,500,39,5,195,19,400,7600,19,3,57,4,2,8,23,10,230,46,20,920,18,15,270,40,25,1000,5,10,50
2021-09-12,45,5,225,19,50,950,2,30,60,22,20,440,28,5,140,23,400,9200,19,3,57,27,2,54,28,10,280,33,20,660,43,15,645,16,25,400,4,10,40
2021-09-13,42,5,210,36,50,1800,39,30,1170,30,20,600,5,5,25,38,400,15200,2,3,6,18,2,36,43,10,430,18,20,360,35,15,525,17,25,425,28,10,280
2021-09-14,39,5,195,29,50,1450,6,30,180,20,20,400,8,5,40,18,400,7200,41,3,123,21,2,42,47,10,470,7,20,140,34,15,510,15,25,375,14,10,140
2021-09-15,14,5,70,18,50,900,17,30,510,21,20,420,25,5,125,26,400,10400,45,3,135,28,2,56,26,10,260,1,20,20,41,15,615,16,25,400,8,10,80
2021-09-16,31,5,155,2,50,100,25,30,750,44,20,880,27,5,135,6,400,2400,15,3,45,35,2,70,25,10,250,33,20,660,14,15,210,15,25,375,9,10,90
2021-09-17,5,5,25,1,50,50,28,30,840,32,20,640,46,5,230,4,400,1600,3,3,9,22,2,44,29,10,290,1,20,20,4,15,60,34,25,850,35,10,350
2021-09-18,35,5,175,47,50,2350,2,30,60,46,20,920,23,5,115,44,400,17600,11,3,33,40,2,80,19,10,190,24,20,480,29,15,435,11,25,275,37,10,370
2021-09-19,23,5,115,5,50,250,35,30,1050,49,20,980,30,5,150,29,400,11600,46,3,138,23,2,46,33,10,330,4,20,80,41,15,615,1,25,25,21,10,210
2021-09-20,29,5,145,20,50,1000,37,30,1110,21,20,420,45,5,225,34,400,13600,30,3,90,3,2,6,36,10,360,4,20,80,45,15,675,15,25,375,18,10,180
2021-09-21,43,5,215,11,50,550,5,30,150,35,20,700,47,5,235,17,400,6800,40,3,120,40,2,80,14,10,140,18,20,360,15,15,225,26,25,650,33,10,330
2021-09-22,11,5,55,42,50,2100,1,30,30,32,20,640,23,5,115,43,400,17200,18,3,54,10,2,20,14,10,140,27,20,540,28,15,420,4,25,100,8,10,80
2021-09-23,18,5,90,2,50,100,40,30,1200,30,20,600,49,5,245,43,400,17200,48,3,144,25,2,50,35,10,350,43,20,860,42,15,630,43,25,1075,49,10,490
2021-09-24,47,5,235,3,50,150,12,30,360,39,20,780,47,5,235,16,400,6400,2,3,6,49,2,98,30,10,300,32,20,640,16,15,240,5,25,125,17,10,170
2021-09-25,12,5,60,23,50,1150,36,30,1080,49,20,980,20,5,100,2,400,800,32,3,96,8,2,16,28,10,280,33,20,660,12,15,180,35,25,875,43,10,430
2021-09-26,9,5,45,12,50,600,45,30,1350,12,20,240,18,5,90,34,400,13600,8,3,24,11,2,22,17,10,170,28,20,560,5,15,75,13,25,325,31,10,310
2021-09-27,10,5,50,20,50,1000,23,30,690,41,20,820,18,5,90,8,400,3200,22,3,66,5,2,10,3,10,30,42,20,840,34,15,510,10,25,250,34,10,340
2021-09-28,44,5,220,5,50,250,47,30,1410,47,20,940,2,5,10,13,400,5200,6,3,18,45,2,90,16,10,160,41,20,820,42,15,630,11,25,275,6,10,60
2021-09-29,17,5,85,37,50,1850,31,30,930,18,20,360,4,5,20,42,400,16800,12,3,36,37,2,74,46,10,460,36,20,720,1,15,15,18,25,450,22,10,220
2021-09-30,38,5,190,38,50,1900,11,30,330,21,20,420,30,5,150,8,400,3200,47,3,141,45,2,90,30,10,300,6,20,120,39,15,585,34,25,850,14,10,140
2021-10-01,7,5,35,30,50,1500,10,30,300,13,20,260,33,5,165,30,400,12000,40,3,120,38,2,76,29,10,290,16,20,320,32,15,480,39,25,975,3,10,30
2021-10-02,46,5,230,9,50,450,3,30,90,21,20,420,36,5,180,32,400,12800,36,3,108,29,2,58,45,10,450,34,20,680,26,15,390,41,25,1025,12,10,120
2021-10-03,13,5,65,34,50,1700,14,30,420,8,20,160,18,5,90,36,400,14400,15,3,45,5,2,10,15,10,150,23,20,460,17,15,255,42,25,1050,36,10,360
2021-10-04,40,5,200,44,50,2200,16,30,480,46,20,920,37,5,185,47,400,18800,28,3,84,9,2,18,46,10,460,42,20,840,48,15,720,23,25,575,12,10,120
2021-10-05,42,5,210,35,50,1750,10,30,300,40,20,800,19,5,95,30,400,12000,49,3,147,48,2,96,25,10,250,24,20,480,27,15,405,7,25,175,45,10,450
2021-10-06,9,5,45,22,50,1100,29,30,870,46,20,920,47,5,235,1,400,400,45,3,135,2,2,4,38,10,380,49,20,980,24,15,360,39,25,975,2,10,20
2021-10-07,27,5,135,44,50,2200,10,30,300,7,20,140,28,5,140,43,400,17200,18,3,54,1,2,2,42,10,420,13,20,260,35,15,525,3,25,75,2,10,20
2021-10-08,2,5,10,24,50,1200,12,30,360,23,20,460,40,5,200,39,400,15600,2,3,6,40,2,80,47,10,470,18,20,360,46,15,690,12,25,300,15,10,150
2021-10-09,5,5,25,17,50,850,30,30,900,44,20,880,20,5,100,17,400,6800,13,3,39,30,2,60,38,10,380,13,20,260,42,15,630,7,25,175,23,10,230
2021-10-10,29,5,145,10,50,500,41,30,1230,32,20,640,49,5,245,20,400,8000,45,3,135,11,2,22,23,10,230,49,20,980,39,15,585,49,25,1225,29,10,290
2021-10-11,37,5,185,30,50,1500,1,30,30,11,20,220,33,5,165,24,400,9600,15,3,45,28,2,56,25,10,250,37,20,740,26,15,390,26,25,650,17,10,170
2021-10-12,38,5,190,46,50,2300,5,30,150,22,20,440,12,5,60,22,400,8800,20,3,60,44,2,88,42,10,420,43,20,860,49,15,735,33,25,825,32,10,320
2021-10-13,19,5,95,23,50,1150,20,30,600,22,20,440,15,5,75,29,400,11600,29,3,87,12,2,24,7,10,70,39,20,780,38,15,570,37,25,925,7,10,70
2021-10-14,8,5,40,32,50,1600,8,30,240,43,20,860,41,5,205,22,400,8800,42,3,126,39,2,78,22,10,220,42,20,840,23,15,345,48,25,1200,30,10,300
2021-10-15,48,5,240,17,50,850,43,30,1290,25,20,500,39,5,195,44,400,17600,29,3,87,26,2,52,17,10,170,17,20,340,22,15,330,15,25,375,28,10,280
2021-10-16,45,5,225,17,50,850,12,30,360,22,20,440,2,5,10,9,400,3600,3,3,9,13,2,26,18,10,180,15,20,300,4,15,60,2,25,50,14,10,140
2021-10-17,1,5,5,14,50,700,1,30,30,28,20,560,29,5,145,37,400,14800,19,3,57,8,2,16,49,10,490,18,20,360,49,15,735,41,25,1025,44,10,440
2021-10-18,22,5,110,9,50,450,20,30,600,29,20,580,41,5,205,10,400,4000,3,3,9,28,2,56,41,10,410,23,20,460,9,15,135,7,25,175,30,10,300
2021-10-19,17,5,85,40,50,2000,28,30,840,13,20,260,10,5,50,36,400,14400,14,3,42,30,2,60,10,10,100,30,20,600,4,15,60,32,25,800,17,10,170
2021-10-20,7,5,35,2,50,100,43,30,1290,18,20,360,2,5,10,37,400,14800,40,3,120,9,2,18,10,10,100,34,20,680,7,15,105,4,25,100,32,10,320
2021-10-21,25,5,125,45,50,2250,37,30,1110,2,20,40,11,5,55,28,400,11200,4,3,12,39,2,78,7,10,70,4,20,80,23,15,345,20,25,500,46,10,460
2021-10-22,45,5,225,25,50,1250,47,30,1410,29,20,580,13,5,65,28,400,11200,11,3,33,31,2,62,48,10,480,3,20,60,2,15,30,36,25,900,6,10,60
2021-10-23,4,5,20,39,50,1950,37,30,1110,21,20,420,10,5,50,42,400,16800,31,3,93,21,2,42,38,10,380,7,20,140,49,15,735,32,25,800,24,10,240
2021-10-24,36,5,180,9,50,450,12,30,360,15,20,300,14,5,70,43,400,17200,43,3,129,47,2,94,27,10,270,18,20,360,24,15,360,28,25,700,6,10,60
2021-10-25,6,5,30,22,50,1100,37,30,1110,27,20,540,18,5,90,21,400,8400,32,3,96,34,2,68,33,10,330,42,20,840,40,15,600,13,25,325,27,10,270
2021-10-26,31,5,155,43,50,2150,49,30,1470,31,20,620,9,5,45,24,400,9600,27,3,81,31,2,62,1,10,10,7,20,140,31,15,465,1,25,25,18,10,180
2021-10-27,19,5,95,46,50,2300,49,30,1470,15,20,300,39,5,195,42,400,16800,30,3,90,25,2,50,44,10,440,40,20,800,47,15,705,35,25,875,24,10,240
2021-10-28,44,5,220,4,50,200,44,30,1320,23,20,460,28,5,140,40,400,16000,43,3,129,12,2,24,34,10,340,6,20,120,31,15,465,48,25,1200,37,10,370
2021-10-29,39,5,195,26,50,1300,28,30,840,24,20,480,3,5,15,2,400,800,2,3,6,1,2,2,4,10,40,22,20,440,47,15,705,30,25,750,24,10,240
2021-10-30,27,5,135,29,50,1450,47,30,1410,44,20,880,20,5,100,8,400,3200,49,3,147,22,2,44,17,10,170,1,20,20,40,15,600,36,25,900,38,10,380
2021-10-31,10,5,50,45,50,2250,15,30,450,13,20,260,6,5,30,48,400,19200,9,3,27,40,2,80,4,10,40,4,20,80,48,15,720,25,25,625,34,10,340
2021-11-01,26,5,130,34,50,1700,6,30,180,22,20,440,27,5,135,27,400,10800,28,3,84,37,2,74,43,10,430,46,20,920,43,15,645,16,25,400,40,10,400
2021-11-02,19,5,95,23,50,1150,44,30,1320,43,20,860,2,5,10,22,400,8800,31,3,93,47,2,94,26,10,260,49,20,980,34,15,510,19,25,475,47,10,470
2021-11-03,39,5,195,37,50,1850,20,30,600,37,20,740,29,5,145,37,400,14800,34,3,102,1,2,2,4,10,40,43,20,860,24,15,360,1,25,25,15,10,150
2021-11-04,3,5,15,11,50,550,14,30,420,33,20,660,38,5,190,27,400,10800,15,3,45,1,2,2,1,10,10,29,20,580,49,15,735,5,25,125,11,10,110
2021-11-05,45,5,225,6,50,300,2,30,60,3,20,60,3,5,15,29,400,11600,48,3,144,42,2,84,7,10,70,21,20,420,26,15,390,22,25,550,22,10,220
2021-11-06,13,5,65,18,50,900,9,30,270,19,20,380,16,5,80,3,400,1200,25,3,75,42,2,84,30,10,300,26,20,520,16,15,240,24,25,600,24,10,240
2021-11-07,28,5,140,21,50,1050,37,30,1110,23,20,460,30,5,150,44,400,17600,36,3,108,21,2,42,9,10,90,14,20,280,47,15,705,43,25,1075,1,10,10
2021-11-08,20,5,100,42,50,2100,20,30,600,29,20,580,40,5,200,13,400,5200,8,3,24,15,2,30,35,10,350,9,20,180,13,15,195,45,25,1125,18,10,180
2021-11-09,28,5,140,36,50,1800,26,30,780,30,20,600,2,5,10,45,400,18000,9,3,27,17,2,34,8,10,80,47,20,940,15,15,225,37,25,925,44,10,440
2021-11-10,8,5,40,41,50,2050,29,30,870,39,20,780,17,5,85,10,400,4000,37,3,111,22,2,44,24,10,240,12,20,240,27,15,405,36,25,900,12,10,120
2021-11-11,41,5,205,38,50,1900,1,30,30,44,20,880,41,5,205,36,400,14400,48,3,144,38,2,76,19,10,190,42,20,840,4,15,60,36,25,900,43,10,430
2021-11-12,39,5,195,34,50,1700,35,30,1050,47,20,940,12,5,60,9,400,3600,45,3,135,35,2,70,36,10,360,6,20,120,16,15,240,4,25,100,28,10,280
2021-11-13,1,5,5,17,50,850,6,30,180,25,20,500,35,5,175,27,400,10800,39,3,117,45,2,90,43,10,430,20,20,400,30,15,450,36,25,900,40,10,400
2021-11-14,3,5,15,37,50,1850,37,30,1110,37,20,740,43,5,215,34,400,13600,32,3,96,16,2,32,27,10,270,24,20,480,44,15,660,18,25,450,7,10,70
2021-11-15,13,5,65,25,50,1250,5,30,150,47,20,940,1,5,5,1,400,400,17,3,51,8,2,16,32,10,320,27,20,540,30,15,450,16,25,400,23,10,230
2021-11-16,28,5,140,38,50,1900,33,30,990,8,20,160,45,5,225,32,400,12800,35,3,105,47,2,94,14,10,140,38,20,760,36,15,540,41,25,1025,21,10,210
2021-11-17,49,5,245,12,50,600,49,30,1470,42,20,840,15,5,75,25,400,10000,37,3,111,17,2,34,18,10,180,8,20,160,3,15,45,18,25,450,34,10,340
2021-11-18,25,5,125,23,50,1150,14,30,420,16,20,320,26,5,130,29,400,11600,19,3,57,17,2,34,28,10,280,1,20,20,22,15,330,22,25,550,11,10,110
2021-11-19,33,5,165,42,50,2100,12,30,360,8,20,160,37,5,185,7,400,2800,44,3,132,26,2,52,29,10,290,49,20,980,49,15,735,2,25,50,22,10,220
2021-11-20,38,5,190,22,50,1100,42,30,1260,1,20,20,21,5,105,49,400,19600,29,3,87,13,2,26,16,10,160,49,20,980,22,15,330,21,25,525,42,10,420
2021-11-21,6,5,30,21,50,1050,20,30,600,44,20,880,49,5,245,3,400,1200,7,3,21,17,2,34,35,10,350,24,20,480,49,15,735,36,25,900,35,10,350
2021-11-22,44,5,220,27,50,1350,24,30,720,5,20,100,31,5,155,20,400,8000,28,3,84,38,2,76,47,10,470,47,20,940,12,15,180,44,25,1100,29,10,290
2021-11-23,45,5,225,31,50,1550,43,30,1290,3,20,60,25,5,125,20,400,8000,9,3,27,17,2,34,31,10,310,7,20,140,21,15,315,39,25,975,42,10,420
2021-11-24,32,5,160,6,50,300,34,30,1020,1,20,20,23,5,115,30,400,12000,28,3,84,48,2,96,4,10,40,19,20,380,4,15,60,47,25,1175,28,10,280
2021-11-25,45,5,225,27,50,1350,25,30,750,4,20,80,24,5,120,35,400,14000,6,3,18,14,2,28,37,10,370,22,20,440,31,15,465,39,25,975,18,10,180
2021-11-26,47,5,235,40,50,2000,29,30,870,40,20,800,38,5,190,35,400,14000,29,3,87,45,2,90,17,10,170,35,20,700,44,15,660,29,25,725,14,10,140
2021-11-27,21,5,105,34,50,1700,39,30,1170,35,20,700,28,5,140,49,400,19600,17,3,51,6,2,12,39,10,390,30,20,600,31,15,465,26,25,650,18,10,180
2021-11-28,16,5,80,12,50,600,31,30,930,32,20,640,21,5,105,39,400,15600,16,3,48,35,2,70,48,10,480,29,20,580,23,15,345,21,25,525,28,10,280
2021-11-29,21,5,105,45,50,2250,47,30,1410,42,20,840,43,5,215,27,400,10800,23,3,69,46,2,92,46,10,460,22,20,440,20,15,300,17,25,425,24,10,240
2021-11-30,11,5,55,7,50,350,43,30,1290,34,20,680,18,5,90,26,400,10400,31,3,93,14,2,28,26,10,260,11,20,220,15,15,225,16,25,400,8,10,80
2021-12-01,37,5,185,10,50,500,23,30,690,43,20,860,36,5,180,14,400,5600,3,3,9,47,2,94,48,10,480,20,20,400,23,15,345,31,25,775,42,10,420
2021-12-02,36,5,180,45,50,2250,44,30,1320,25,20,500,35,5,175,17,400,6800,21,3,63,8,2,16,39,10,390,29,20,580,28,15,420,9,25,225,45,10,450
2021-12-03,35,5,175,17,50,850,38,30,1140,10,20,200,45,5,225,18,400,7200,26,3,78,15,2,30,41,10,410,41,20,820,16,15,240,31,25,775,8,10,80
2021-12-04,19,5,95,26,50,1300,20,30,600,21,20,420,9,5,45,45,400,18000,36,3,108,27,2,54,4,10,40,42,20,840,37,15,555,14,25,350,4,10,40
2021-12-05,20,5,100,21,50,1050,23,30,690,46,20,920,38,5,190,29,400,11600,42,3,126,13,2,26,30,10,300,34,20,680,21,15,315,49,25,1225,27,10,270
2021-12-06,18,5,90,28,50,1400,45,30,1350,39,20,780,30,5,150,20,400,8000,37,3,111,49,2,98,30,10,300,1,20,20,15,15,225,37,25,925,36,10,360
2021-12-07,47,5,235,46,50,2300,16,30,480,27,20,540,44,5,220,27,400,10800,22,3,66,31,2,62,22,10,220,31,20,620,17,15,255,2,25,50,5,10,50
2021-12-08,41,5,205,2,50,100,42,30,1260,27,20,540,34,5,170,18,400,7200,42,3,126,35,2,70,11,10,110,30,20,600,37,15,555,48,25,1200,33,10,330
2021-12-09,49,5,245,43,50,2150,8,30,240,2,20,40,32,5,160,4,400,1600,12,3,36,6,2,12,2,10,20,48,20,960,13,15,195,46,25,1150,49,10,490
2021-12-10,14,5,70,1,50,50,21,30,630,41,20,820,3,5,15,1,400,400,42,3,126,5,2,10,44,10,440,18,20,360,19,15,285,14,25,350,34,10,340
2021-12-11,15,5,75,36,50,1800,1,30,30,48,20,960,3,5,15,1,400,400,13,3,39,22,2,44,12,10,120,17,20,340,30,15,450,33,25,825,30,10,300
2021-12-12,31,5,155,26,50,1300,8,30,240,13,20,260,28,5,140,26,400,10400,11,3,33,49,2,98,30,10,300,38,20,760,45,15,675,35,25,875,8,10,80
2021-12-13,1,5,5,29,50,1450,29,30,870,9,20,180,44,5,220,45,400,18000,16,3,48,23,2,46,36,10,360,14,20,280,18,15,270,39,25,975,39,10,390
2021-12-14,3,5,15,21,50,1050,32,30,960,36,20,720,15,5,75,20,400,8000,8,3,24,25,2,50,18,10,180,23,20,460,14,15,210,47,25,1175,47,10,470
2021-12-15,16,5,80,11,50,550,38,30,1140,22,20,440,41,5,205,23,400,9200,40,3,120,34,2,68,26,10,260,25,20,500,36,15,540,20,25,500,26,10,260
2021-12-16,23,5,115,40,50,2000,5,30,150,42,20,840,23,5,115,10,400,4000,40,3,120,26,2,52,7,10,70,15,20,300,36,15,540,2,25,50,37,10,370
2021-12-17,11,5,55,11,50,550,47,30,1410,26,20,520,40,5,200,11,400,4400,45,3,135,47,2,94,1,10,10,46,20,920,20,15,300,41,25,1025,34,10,340
2021-12-18,12,5,60,36,50,1800,22,30,660,12,20,240,11,5,55,41,400,16400,2,3,6,5,2,10,26,10,260,22,20,440,19,15,285,19,25,475,7,10,70
2021-12-19,10,5,50,49,50,2450,47,30,1410,17,20,340,48,5,240,41,400,16400,30,3,90,26,2,52,23,10,230,3,20,60,45,15,675,37,25,925,40,10,400
2021-12-20,32,5,160,39,50,1950,34,30,1020,14,20,280,32,5,160,5,400,2000,30,3,90,20,2,40,26,10,260,19,20,380,44,15,660,18,25,450,28,10,280
2021-12-21,16,5,80,40,50,2000,1,30,30,14,20,280,36,5,180,1,400,400,12,3,36,6,2,12,45,10,450,44,20,880,7,15,105,16,25,400,39,10,390
2021-12-22,8,5,40,35,50,1750,26,30,780,34,20,680,33,5,165,17,400,6800,10,3,30,6,2,12,6,10,60,34,20,680,44,15,660,4,25,100,39,10,390
2021-12-23,38,5,190,34,50,1700,43,30,1290,20,20,400,24,5,120,22,400,8800,44,3,132,18,2,36,6,10,60,35,20,700,4,15,60,12,25,300,28,10,280
2021-12-24,12,5,60,47,50,2350,10,30,300,11,20,220,39,5,195,34,400,13600,11,3,33,4,2,8,44,10,440,1,20,20,34,15,510,29,25,725,14,10,140
2021-12-25,24,5,120,24,50,1200,30,30,900,16,20,320,34,5,170,45,400,18000,15,3,45,17,2,34,8,10,80,21,20,420,2,15,30,7,25,175,38,10,380
2021-12-26,28,5,140,22,50,1100,18,30,540,31,20,620,28,5,140,41,400,16400,16,3,48,14,2,28,24,10,240,29,20,580,5,15,75,14,25,350,4,10,40
2021-12-27,8,5,40,5,50,250,17,30,510,6,20,120,37,5,185,29,400,11600,17,3,51,14,2,28,22,10,220,6,20,120,10,15,150,12,25,300,42,10,420
2021-12-28,28,5,140,33,50,1650,26,30,780,19,20,380,7,5,35,4,400,1600,26,3,78,13,2,26,19,10,190,37,20,740,32,15,480,35,25,875,18,10,180
2021-12-29,36,5,180,36,50,1800,8,30,240,37,20,740,4,5,20,5,400,2000,2,3,6,7,2,14,37,10,370,1,20,20,42,15,630,5,25,125,44,10,440
2021-12-30,26,5,130,47,50,2350,47,30,1410,4,20,80,37,5,185,11,400,4400,12,3,36,44,2,88,18,10,180,1,20,20,41,15,615,17,25,425,48,10,480
2021-12-31,8,5,40,20,50,1000,40,30,1200,47,20,940,1,5,5,21,400,8400,26,3,78,15,2,30,31,10,310,27,20,540,13,15,195,42,25,1050,25,10,250
